"source_system","source_path","target_path","classification","confidence","reason","target_conflict","current_indexable","evidence_date"
"live-sitemap","/","","KEEP","observed","homepage","no","yes","2026-08-08"
"live-sitemap","/about","","KEEP","observed","about","no","yes","2026-08-08"
"live-sitemap","/australia-apparel-manufacturer","","KEEP","observed","localized-market","no","yes","2026-08-08"
"live-sitemap","/austria-apparel-manufacturer","","KEEP","observed","localized-market","no","yes","2026-08-08"
"live-sitemap","/blog","","KEEP","observed","resource-index","no","yes","2026-08-08"
"live-sitemap","/blog/apparel-decoration-method-selection","","KEEP","observed","resource-article","no","yes","2026-08-08"
"live-sitemap","/blog/apparel-sampling-product-development-process","","KEEP","observed","resource-article","no","yes","2026-08-08"
"live-sitemap","/blog/choose-gsm-custom-tshirts-hoodies-sweatshirts","","KEEP","observed","resource-article","no","yes","2026-08-08"
"live-sitemap","/blog/clothing-tech-pack-checklist","","KEEP","observed","resource-article","no","yes","2026-08-08"
"live-sitemap","/blog/custom-football-kit-manufacturer-checklist","","KEEP","observed","resource-article","no","yes","2026-08-08"
"live-sitemap","/blog/heavyweight-hoodie-manufacturer-rfq-guide","","KEEP","observed","resource-article","no","yes","2026-08-08"
"live-sitemap","/blog/how-to-source-private-label-lederhosen","","KEEP","observed","resource-article","no","yes","2026-08-08"
"live-sitemap","/blog/oem-vs-odm-vs-private-label-apparel","","KEEP","observed","resource-article","no","yes","2026-08-08"
"live-sitemap","/blog/private-label-leather-jacket-development-guide","","KEEP","observed","resource-article","no","yes","2026-08-08"
"live-sitemap","/blog/private-label-nightwear-specification-checklist","","KEEP","observed","resource-article","no","yes","2026-08-08"
"live-sitemap","/buyer-information","","KEEP","observed","buyer-information","no","yes","2026-08-08"
"live-sitemap","/buyer-trust","","KEEP","observed","buyer-information","no","yes","2026-08-08"
"live-sitemap","/canada-apparel-manufacturer","","KEEP","observed","localized-market","no","yes","2026-08-08"
"live-sitemap","/compliance","","KEEP","observed","buyer-information","no","yes","2026-08-08"
"live-sitemap","/contact","","KEEP","observed","inquiry-rfq","no","yes","2026-08-08"
"live-sitemap","/custom-leather-jacket-manufacturer-canada","","KEEP","observed","localized-market","no","yes","2026-08-08"
"live-sitemap","/custom-sportswear-manufacturer-germany","","KEEP","observed","localized-market","no","yes","2026-08-08"
"live-sitemap","/custom-sportswear-manufacturer-uk","","KEEP","observed","localized-market","no","yes","2026-08-08"
"live-sitemap","/de/","","KEEP","observed","homepage","no","yes","2026-08-08"
"live-sitemap","/de/bavarian-wear","","KEEP","observed","localized-market","no","yes","2026-08-08"
"live-sitemap","/de/bekleidungshersteller-deutschland","","KEEP","observed","localized-market","no","yes","2026-08-08"
"live-sitemap","/de/dirndl-grosshandel","","KEEP","observed","localized-market","no","yes","2026-08-08"
"live-sitemap","/de/einkaeufer-informationen","","KEEP","observed","buyer-information","no","yes","2026-08-08"
"live-sitemap","/de/lederbekleidung-hersteller","","KEEP","observed","localized-market","no","yes","2026-08-08"
"live-sitemap","/de/lederhosen-hersteller","","KEEP","observed","localized-market","no","yes","2026-08-08"
"live-sitemap","/de/materialien","","KEEP","observed","materials","no","yes","2026-08-08"
"live-sitemap","/de/sportbekleidung-hersteller","","KEEP","observed","localized-market","no","yes","2026-08-08"
"live-sitemap","/de/trachten-private-label","","KEEP","observed","localized-market","no","yes","2026-08-08"
"live-sitemap","/dirndl-manufacturer-austria","","KEEP","observed","localized-market","no","yes","2026-08-08"
"live-sitemap","/factory-video-call","","KEEP","observed","buyer-information","no","yes","2026-08-08"
"live-sitemap","/faq","","KEEP","observed","buyer-information","no","yes","2026-08-08"
"live-sitemap","/fr/","","KEEP","observed","localized-market","no","yes","2026-08-08"
"live-sitemap","/fr/fabricant-vetements","","KEEP","observed","localized-market","no","yes","2026-08-08"
"live-sitemap","/fr/fabricant-vetements-cuir","","KEEP","observed","localized-market","no","yes","2026-08-08"
"live-sitemap","/fr/fabricant-vetements-sport","","KEEP","observed","localized-market","no","yes","2026-08-08"
"live-sitemap","/fr/fabrication-marque-blanche","","KEEP","observed","localized-market","no","yes","2026-08-08"
"live-sitemap","/fr/informations-acheteurs","","KEEP","observed","buyer-information","no","yes","2026-08-08"
"live-sitemap","/fr/matieres","","KEEP","observed","materials","no","yes","2026-08-08"
"live-sitemap","/germany-apparel-manufacturer","","KEEP","observed","localized-market","no","yes","2026-08-08"
"live-sitemap","/inquiry","","KEEP","observed","inquiry-rfq","no","yes","2026-08-08"
"live-sitemap","/leather-apparel-manufacturer-germany","","KEEP","observed","localized-market","no","yes","2026-08-08"
"live-sitemap","/lederhosen-manufacturer-germany","","KEEP","observed","localized-market","no","yes","2026-08-08"
"live-sitemap","/manufacturing","","KEEP","observed","manufacturing","no","yes","2026-08-08"
"live-sitemap","/markets","","KEEP","observed","localized-market","no","yes","2026-08-08"
"live-sitemap","/markets/australia","","KEEP","observed","localized-market","no","yes","2026-08-08"
"live-sitemap","/markets/austria","","KEEP","observed","localized-market","no","yes","2026-08-08"
"live-sitemap","/markets/canada","","KEEP","observed","localized-market","no","yes","2026-08-08"
"live-sitemap","/markets/germany","","KEEP","observed","localized-market","no","yes","2026-08-08"
"live-sitemap","/markets/netherlands","","KEEP","observed","localized-market","no","yes","2026-08-08"
"live-sitemap","/markets/new-zealand","","KEEP","observed","localized-market","no","yes","2026-08-08"
"live-sitemap","/markets/switzerland","","KEEP","observed","localized-market","no","yes","2026-08-08"
"live-sitemap","/markets/united-kingdom","","KEEP","observed","localized-market","no","yes","2026-08-08"
"live-sitemap","/markets/united-states","","KEEP","observed","localized-market","no","yes","2026-08-08"
"live-sitemap","/materials","","KEEP","observed","materials","no","yes","2026-08-08"
"live-sitemap","/netherlands-apparel-manufacturer","","KEEP","observed","localized-market","no","yes","2026-08-08"
"live-sitemap","/new-zealand-apparel-manufacturer","","KEEP","observed","localized-market","no","yes","2026-08-08"
"live-sitemap","/nl/","","KEEP","observed","localized-market","no","yes","2026-08-08"
"live-sitemap","/nl/kledingfabrikant","","KEEP","observed","localized-market","no","yes","2026-08-08"
"live-sitemap","/nl/kopersinformatie","","KEEP","observed","buyer-information","no","yes","2026-08-08"
"live-sitemap","/nl/leren-kleding-fabrikant","","KEEP","observed","localized-market","no","yes","2026-08-08"
"live-sitemap","/nl/materialen","","KEEP","observed","materials","no","yes","2026-08-08"
"live-sitemap","/nl/private-label-kleding","","KEEP","observed","localized-market","no","yes","2026-08-08"
"live-sitemap","/nl/sportkleding-fabrikant","","KEEP","observed","localized-market","no","yes","2026-08-08"
"live-sitemap","/privacy-policy","","KEEP","observed","legal","no","yes","2026-08-08"
"live-sitemap","/private-label-streetwear-manufacturer-usa","","KEEP","observed","localized-market","no","yes","2026-08-08"
"live-sitemap","/products","","KEEP","observed","main-division","no","yes","2026-08-08"
"live-sitemap","/products/bavarian-trachten-wear","","KEEP","observed","main-division","no","yes","2026-08-08"
"live-sitemap","/products/bavarian-trachten-wear/accessories","","KEEP","observed","audience-group","no","yes","2026-08-08"
"live-sitemap","/products/bavarian-trachten-wear/accessories/accessories","","KEEP","observed","product-type","no","yes","2026-08-08"
"live-sitemap","/products/bavarian-trachten-wear/accessories/accessories/alpine-neck-scarf","","KEEP","observed","individual-product","no","yes","2026-08-08"
"live-sitemap","/products/bavarian-trachten-wear/accessories/accessories/alpine-wool-hat","","KEEP","observed","individual-product","no","yes","2026-08-08"
"live-sitemap","/products/bavarian-trachten-wear/accessories/accessories/bavarian-boots","","KEEP","observed","individual-product","no","yes","2026-08-08"
"live-sitemap","/products/bavarian-trachten-wear/accessories/accessories/haferl-shoes","","KEEP","observed","individual-product","no","yes","2026-08-08"
"live-sitemap","/products/bavarian-trachten-wear/accessories/accessories/knee-high-trachten-socks","","KEEP","observed","individual-product","no","yes","2026-08-08"
"live-sitemap","/products/bavarian-trachten-wear/accessories/accessories/loferl-socks","","KEEP","observed","individual-product","no","yes","2026-08-08"
"live-sitemap","/products/bavarian-trachten-wear/accessories/accessories/trachten-leather-belt","","KEEP","observed","individual-product","no","yes","2026-08-08"
"live-sitemap","/products/bavarian-trachten-wear/accessories/accessories/traditional-leather-hat","","KEEP","observed","individual-product","no","yes","2026-08-08"
"live-sitemap","/products/bavarian-trachten-wear/accessories/bags","","KEEP","observed","product-type","no","yes","2026-08-08"
"live-sitemap","/products/bavarian-trachten-wear/accessories/bags/trachten-leather-bag","","KEEP","observed","individual-product","no","yes","2026-08-08"
"live-sitemap","/products/bavarian-trachten-wear/accessories/lederhosen","","KEEP","observed","product-type","no","yes","2026-08-08"
"live-sitemap","/products/bavarian-trachten-wear/accessories/lederhosen/lederhosen-suspenders","","KEEP","observed","individual-product","no","yes","2026-08-08"
"live-sitemap","/products/bavarian-trachten-wear/kids","","KEEP","observed","audience-group","no","yes","2026-08-08"
"live-sitemap","/products/bavarian-trachten-wear/kids/blouses","","KEEP","observed","product-type","no","yes","2026-08-08"
"live-sitemap","/products/bavarian-trachten-wear/kids/blouses/girls-dirndl-blouse","","KEEP","observed","individual-product","no","yes","2026-08-08"
"live-sitemap","/products/bavarian-trachten-wear/kids/dirndl-dresses","","KEEP","observed","product-type","no","yes","2026-08-08"
"live-sitemap","/products/bavarian-trachten-wear/kids/dirndl-dresses/girls-modern-dirndl","","KEEP","observed","individual-product","no","yes","2026-08-08"
"live-sitemap","/products/bavarian-trachten-wear/kids/dirndl-dresses/girls-traditional-dirndl","","KEEP","observed","individual-product","no","yes","2026-08-08"
"live-sitemap","/products/bavarian-trachten-wear/kids/jackets-outerwear","","KEEP","observed","product-type","no","yes","2026-08-08"
"live-sitemap","/products/bavarian-trachten-wear/kids/jackets-outerwear/kids-trachten-jacket","","KEEP","observed","individual-product","no","yes","2026-08-08"
"live-sitemap","/products/bavarian-trachten-wear/kids/lederhosen","","KEEP","observed","product-type","no","yes","2026-08-08"
"live-sitemap","/products/bavarian-trachten-wear/kids/lederhosen/boys-knee-length-lederhosen","","KEEP","observed","individual-product","no","yes","2026-08-08"
"live-sitemap","/products/bavarian-trachten-wear/kids/lederhosen/boys-short-lederhosen","","KEEP","observed","individual-product","no","yes","2026-08-08"
"live-sitemap","/products/bavarian-trachten-wear/kids/trachten-shirts","","KEEP","observed","product-type","no","yes","2026-08-08"
"live-sitemap","/products/bavarian-trachten-wear/kids/trachten-shirts/boys-trachten-shirt","","KEEP","observed","individual-product","no","yes","2026-08-08"
"live-sitemap","/products/bavarian-trachten-wear/kids/vests-waistcoats","","KEEP","observed","product-type","no","yes","2026-08-08"
"live-sitemap","/products/bavarian-trachten-wear/kids/vests-waistcoats/boys-trachten-vest","","KEEP","observed","individual-product","no","yes","2026-08-08"
"live-sitemap","/products/bavarian-trachten-wear/men","","KEEP","observed","audience-group","no","yes","2026-08-08"
"live-sitemap","/products/bavarian-trachten-wear/men/jackets-outerwear","","KEEP","observed","product-type","no","yes","2026-08-08"
"live-sitemap","/products/bavarian-trachten-wear/men/jackets-outerwear/loden-jacket","","KEEP","observed","individual-product","no","yes","2026-08-08"
"live-sitemap","/products/bavarian-trachten-wear/men/jackets-outerwear/traditional-janker-jacket","","KEEP","observed","individual-product","no","yes","2026-08-08"
"live-sitemap","/products/bavarian-trachten-wear/men/lederhosen","","KEEP","observed","product-type","no","yes","2026-08-08"
"live-sitemap","/products/bavarian-trachten-wear/men/lederhosen/deer-suede-lederhosen","","KEEP","observed","individual-product","no","yes","2026-08-08"
"live-sitemap","/products/bavarian-trachten-wear/men/lederhosen/goat-suede-lederhosen","","KEEP","observed","individual-product","no","yes","2026-08-08"
"live-sitemap","/products/bavarian-trachten-wear/men/lederhosen/knee-length-lederhosen","","KEEP","observed","individual-product","no","yes","2026-08-08"
"live-sitemap","/products/bavarian-trachten-wear/men/lederhosen/long-lederhosen","","KEEP","observed","individual-product","no","yes","2026-08-08"
"live-sitemap","/products/bavarian-trachten-wear/men/lederhosen/premium-embroidered-lederhosen","","KEEP","observed","individual-product","no","yes","2026-08-08"
"live-sitemap","/products/bavarian-trachten-wear/men/lederhosen/short-lederhosen","","KEEP","observed","individual-product","no","yes","2026-08-08"
"live-sitemap","/products/bavarian-trachten-wear/men/lederhosen/vintage-lederhosen","","KEEP","observed","individual-product","no","yes","2026-08-08"
"live-sitemap","/products/bavarian-trachten-wear/men/pants-joggers","","KEEP","observed","product-type","no","yes","2026-08-08"
"live-sitemap","/products/bavarian-trachten-wear/men/pants-joggers/trachten-trousers","","KEEP","observed","individual-product","no","yes","2026-08-08"
"live-sitemap","/products/bavarian-trachten-wear/men/trachten-shirts","","KEEP","observed","product-type","no","yes","2026-08-08"
"live-sitemap","/products/bavarian-trachten-wear/men/trachten-shirts/checked-trachten-shirt","","KEEP","observed","individual-product","no","yes","2026-08-08"
"live-sitemap","/products/bavarian-trachten-wear/men/trachten-shirts/embroidered-trachten-shirt","","KEEP","observed","individual-product","no","yes","2026-08-08"
"live-sitemap","/products/bavarian-trachten-wear/men/trachten-shirts/linen-trachten-shirt","","KEEP","observed","individual-product","no","yes","2026-08-08"
"live-sitemap","/products/bavarian-trachten-wear/men/trachten-shirts/traditional-trachten-shirt","","KEEP","observed","individual-product","no","yes","2026-08-08"
"live-sitemap","/products/bavarian-trachten-wear/men/trachten-shirts/velvet-trachten-shirt","","KEEP","observed","individual-product","no","yes","2026-08-08"
"live-sitemap","/products/bavarian-trachten-wear/men/vests-waistcoats","","KEEP","observed","product-type","no","yes","2026-08-08"
"live-sitemap","/products/bavarian-trachten-wear/men/vests-waistcoats/wool-trachten-vest","","KEEP","observed","individual-product","no","yes","2026-08-08"
"live-sitemap","/products/bavarian-trachten-wear/women","","KEEP","observed","audience-group","no","yes","2026-08-08"
"live-sitemap","/products/bavarian-trachten-wear/women/aprons","","KEEP","observed","product-type","no","yes","2026-08-08"
"live-sitemap","/products/bavarian-trachten-wear/women/aprons/embroidered-dirndl-apron","","KEEP","observed","individual-product","no","yes","2026-08-08"
"live-sitemap","/products/bavarian-trachten-wear/women/blouses","","KEEP","observed","product-type","no","yes","2026-08-08"
"live-sitemap","/products/bavarian-trachten-wear/women/blouses/classic-dirndl-blouse","","KEEP","observed","individual-product","no","yes","2026-08-08"
"live-sitemap","/products/bavarian-trachten-wear/women/blouses/high-neck-dirndl-blouse","","KEEP","observed","individual-product","no","yes","2026-08-08"
"live-sitemap","/products/bavarian-trachten-wear/women/blouses/lace-dirndl-blouse","","KEEP","observed","individual-product","no","yes","2026-08-08"
"live-sitemap","/products/bavarian-trachten-wear/women/blouses/off-shoulder-dirndl-blouse","","KEEP","observed","individual-product","no","yes","2026-08-08"
"live-sitemap","/products/bavarian-trachten-wear/women/blouses/puff-sleeve-dirndl-blouse","","KEEP","observed","individual-product","no","yes","2026-08-08"
"live-sitemap","/products/bavarian-trachten-wear/women/dirndl-dresses","","KEEP","observed","product-type","no","yes","2026-08-08"
"live-sitemap","/products/bavarian-trachten-wear/women/dirndl-dresses/cotton-dirndl","","KEEP","observed","individual-product","no","yes","2026-08-08"
"live-sitemap","/products/bavarian-trachten-wear/women/dirndl-dresses/linen-dirndl","","KEEP","observed","individual-product","no","yes","2026-08-08"
"live-sitemap","/products/bavarian-trachten-wear/women/dirndl-dresses/long-dirndl","","KEEP","observed","individual-product","no","yes","2026-08-08"
"live-sitemap","/products/bavarian-trachten-wear/women/dirndl-dresses/midi-dirndl","","KEEP","observed","individual-product","no","yes","2026-08-08"
"live-sitemap","/products/bavarian-trachten-wear/women/dirndl-dresses/mini-dirndl","","KEEP","observed","individual-product","no","yes","2026-08-08"
"live-sitemap","/products/bavarian-trachten-wear/women/dirndl-dresses/modern-dirndl","","KEEP","observed","individual-product","no","yes","2026-08-08"
"live-sitemap","/products/bavarian-trachten-wear/women/dirndl-dresses/oktoberfest-dirndl","","KEEP","observed","individual-product","no","yes","2026-08-08"
"live-sitemap","/products/bavarian-trachten-wear/women/dirndl-dresses/premium-embroidered-dirndl","","KEEP","observed","individual-product","no","yes","2026-08-08"
"live-sitemap","/products/bavarian-trachten-wear/women/dirndl-dresses/traditional-dirndl","","KEEP","observed","individual-product","no","yes","2026-08-08"
"live-sitemap","/products/bavarian-trachten-wear/women/dirndl-dresses/velvet-dirndl","","KEEP","observed","individual-product","no","yes","2026-08-08"
"live-sitemap","/products/leisure-nightwear","","KEEP","observed","main-division","no","yes","2026-08-08"
"live-sitemap","/products/leisure-nightwear/hospitality","","KEEP","observed","audience-group","no","yes","2026-08-08"
"live-sitemap","/products/leisure-nightwear/hospitality/accessories","","KEEP","observed","product-type","no","yes","2026-08-08"
"live-sitemap","/products/leisure-nightwear/hospitality/accessories/hospitality-slipper-set","","KEEP","observed","individual-product","no","yes","2026-08-08"
"live-sitemap","/products/leisure-nightwear/hospitality/matching-sets","","KEEP","observed","product-type","no","yes","2026-08-08"
"live-sitemap","/products/leisure-nightwear/hospitality/matching-sets/luxury-guest-sleepwear-set","","KEEP","observed","individual-product","no","yes","2026-08-08"
"live-sitemap","/products/leisure-nightwear/hospitality/matching-sets/resort-lounge-set","","KEEP","observed","individual-product","no","yes","2026-08-08"
"live-sitemap","/products/leisure-nightwear/hospitality/pajama-sleep-sets","","KEEP","observed","product-type","no","yes","2026-08-08"
"live-sitemap","/products/leisure-nightwear/hospitality/pajama-sleep-sets/hotel-pajama-set","","KEEP","observed","individual-product","no","yes","2026-08-08"
"live-sitemap","/products/leisure-nightwear/hospitality/robes","","KEEP","observed","product-type","no","yes","2026-08-08"
"live-sitemap","/products/leisure-nightwear/hospitality/robes/hotel-bathrobe","","KEEP","observed","individual-product","no","yes","2026-08-08"
"live-sitemap","/products/leisure-nightwear/hospitality/robes/spa-robe","","KEEP","observed","individual-product","no","yes","2026-08-08"
"live-sitemap","/products/leisure-nightwear/hospitality/robes/waffle-robe","","KEEP","observed","individual-product","no","yes","2026-08-08"
"live-sitemap","/products/leisure-nightwear/kids","","KEEP","observed","audience-group","no","yes","2026-08-08"
"live-sitemap","/products/leisure-nightwear/kids/custom-apparel","","KEEP","observed","product-type","no","yes","2026-08-08"
"live-sitemap","/products/leisure-nightwear/kids/custom-apparel/kids-onesie","","KEEP","observed","individual-product","no","yes","2026-08-08"
"live-sitemap","/products/leisure-nightwear/kids/hoodies","","KEEP","observed","product-type","no","yes","2026-08-08"
"live-sitemap","/products/leisure-nightwear/kids/hoodies/kids-hoodie","","KEEP","observed","individual-product","no","yes","2026-08-08"
"live-sitemap","/products/leisure-nightwear/kids/matching-sets","","KEEP","observed","product-type","no","yes","2026-08-08"
"live-sitemap","/products/leisure-nightwear/kids/matching-sets/kids-casual-tracksuit","","KEEP","observed","individual-product","no","yes","2026-08-08"
"live-sitemap","/products/leisure-nightwear/kids/matching-sets/kids-lounge-set","","KEEP","observed","individual-product","no","yes","2026-08-08"
"live-sitemap","/products/leisure-nightwear/kids/pajama-sleep-sets","","KEEP","observed","product-type","no","yes","2026-08-08"
"live-sitemap","/products/leisure-nightwear/kids/pajama-sleep-sets/boys-pajama-set","","KEEP","observed","individual-product","no","yes","2026-08-08"
"live-sitemap","/products/leisure-nightwear/kids/pajama-sleep-sets/girls-pajama-set","","KEEP","observed","individual-product","no","yes","2026-08-08"
"live-sitemap","/products/leisure-nightwear/kids/pajama-sleep-sets/kids-flannel-pajama-set","","KEEP","observed","individual-product","no","yes","2026-08-08"
"live-sitemap","/products/leisure-nightwear/kids/pajama-sleep-sets/kids-fleece-sleep-set","","KEEP","observed","individual-product","no","yes","2026-08-08"
"live-sitemap","/products/leisure-nightwear/kids/pajama-sleep-sets/kids-printed-pajama-set","","KEEP","observed","individual-product","no","yes","2026-08-08"
"live-sitemap","/products/leisure-nightwear/kids/pajama-sleep-sets/kids-thermal-sleep-set","","KEEP","observed","individual-product","no","yes","2026-08-08"
"live-sitemap","/products/leisure-nightwear/kids/pants-joggers","","KEEP","observed","product-type","no","yes","2026-08-08"
"live-sitemap","/products/leisure-nightwear/kids/pants-joggers/kids-jogger","","KEEP","observed","individual-product","no","yes","2026-08-08"
"live-sitemap","/products/leisure-nightwear/kids/robes","","KEEP","observed","product-type","no","yes","2026-08-08"
"live-sitemap","/products/leisure-nightwear/kids/robes/kids-sleep-robe","","KEEP","observed","individual-product","no","yes","2026-08-08"
"live-sitemap","/products/leisure-nightwear/kids/shirts-tops","","KEEP","observed","product-type","no","yes","2026-08-08"
"live-sitemap","/products/leisure-nightwear/kids/shirts-tops/kids-polo-shirt","","KEEP","observed","individual-product","no","yes","2026-08-08"
"live-sitemap","/products/leisure-nightwear/kids/shirts-tops/kids-sweatshirt","","KEEP","observed","individual-product","no","yes","2026-08-08"
"live-sitemap","/products/leisure-nightwear/kids/t-shirts","","KEEP","observed","product-type","no","yes","2026-08-08"
"live-sitemap","/products/leisure-nightwear/kids/t-shirts/kids-basic-t-shirt","","KEEP","observed","individual-product","no","yes","2026-08-08"
"live-sitemap","/products/leisure-nightwear/men","","KEEP","observed","audience-group","no","yes","2026-08-08"
"live-sitemap","/products/leisure-nightwear/men/matching-sets","","KEEP","observed","product-type","no","yes","2026-08-08"
"live-sitemap","/products/leisure-nightwear/men/matching-sets/mens-lounge-set","","KEEP","observed","individual-product","no","yes","2026-08-08"
"live-sitemap","/products/leisure-nightwear/men/pajama-sleep-sets","","KEEP","observed","product-type","no","yes","2026-08-08"
"live-sitemap","/products/leisure-nightwear/men/pajama-sleep-sets/mens-cotton-pajama-set","","KEEP","observed","individual-product","no","yes","2026-08-08"
"live-sitemap","/products/leisure-nightwear/men/pajama-sleep-sets/mens-flannel-pajama-set","","KEEP","observed","individual-product","no","yes","2026-08-08"
"live-sitemap","/products/leisure-nightwear/men/pajama-sleep-sets/mens-night-suit","","KEEP","observed","individual-product","no","yes","2026-08-08"
"live-sitemap","/products/leisure-nightwear/men/pajama-sleep-sets/mens-satin-pajama-set","","KEEP","observed","individual-product","no","yes","2026-08-08"
"live-sitemap","/products/leisure-nightwear/men/pajama-sleep-sets/mens-silk-pajama-set","","KEEP","observed","individual-product","no","yes","2026-08-08"
"live-sitemap","/products/leisure-nightwear/men/pajama-sleep-sets/mens-thermal-sleep-set","","KEEP","observed","individual-product","no","yes","2026-08-08"
"live-sitemap","/products/leisure-nightwear/men/pants-joggers","","KEEP","observed","product-type","no","yes","2026-08-08"
"live-sitemap","/products/leisure-nightwear/men/pants-joggers/casual-chino-pants","","KEEP","observed","individual-product","no","yes","2026-08-08"
"live-sitemap","/products/leisure-nightwear/men/pants-joggers/casual-jogger","","KEEP","observed","individual-product","no","yes","2026-08-08"
"live-sitemap","/products/leisure-nightwear/men/pants-joggers/mens-sleep-pants","","KEEP","observed","individual-product","no","yes","2026-08-08"
"live-sitemap","/products/leisure-nightwear/men/robes","","KEEP","observed","product-type","no","yes","2026-08-08"
"live-sitemap","/products/leisure-nightwear/men/robes/mens-sleep-robe","","KEEP","observed","individual-product","no","yes","2026-08-08"
"live-sitemap","/products/leisure-nightwear/men/shirts-tops","","KEEP","observed","product-type","no","yes","2026-08-08"
"live-sitemap","/products/leisure-nightwear/men/shirts-tops/casual-button-up-shirt","","KEEP","observed","individual-product","no","yes","2026-08-08"
"live-sitemap","/products/leisure-nightwear/men/shirts-tops/henley-long-sleeve-shirt","","KEEP","observed","individual-product","no","yes","2026-08-08"
"live-sitemap","/products/leisure-nightwear/men/shirts-tops/henley-short-sleeve-shirt","","KEEP","observed","individual-product","no","yes","2026-08-08"
"live-sitemap","/products/leisure-nightwear/men/shirts-tops/mens-premium-polo-shirt","","KEEP","observed","individual-product","no","yes","2026-08-08"
"live-sitemap","/products/leisure-nightwear/men/shorts","","KEEP","observed","product-type","no","yes","2026-08-08"
"live-sitemap","/products/leisure-nightwear/men/shorts/cotton-chino-shorts","","KEEP","observed","individual-product","no","yes","2026-08-08"
"live-sitemap","/products/leisure-nightwear/men/shorts/lounge-shorts","","KEEP","observed","individual-product","no","yes","2026-08-08"
"live-sitemap","/products/leisure-nightwear/men/t-shirts","","KEEP","observed","product-type","no","yes","2026-08-08"
"live-sitemap","/products/leisure-nightwear/men/t-shirts/essential-crewneck-t-shirt","","KEEP","observed","individual-product","no","yes","2026-08-08"
"live-sitemap","/products/leisure-nightwear/men/t-shirts/essential-v-neck-t-shirt","","KEEP","observed","individual-product","no","yes","2026-08-08"
"live-sitemap","/products/leisure-nightwear/men/t-shirts/mens-sleep-t-shirt","","KEEP","observed","individual-product","no","yes","2026-08-08"
"live-sitemap","/products/leisure-nightwear/unisex","","KEEP","observed","audience-group","no","yes","2026-08-08"
"live-sitemap","/products/leisure-nightwear/unisex/hoodies","","KEEP","observed","product-type","no","yes","2026-08-08"
"live-sitemap","/products/leisure-nightwear/unisex/hoodies/unisex-lightweight-hoodie","","KEEP","observed","individual-product","no","yes","2026-08-08"
"live-sitemap","/products/leisure-nightwear/unisex/jackets-outerwear","","KEEP","observed","product-type","no","yes","2026-08-08"
"live-sitemap","/products/leisure-nightwear/unisex/jackets-outerwear/unisex-fleece-jacket","","KEEP","observed","individual-product","no","yes","2026-08-08"
"live-sitemap","/products/leisure-nightwear/unisex/matching-sets","","KEEP","observed","product-type","no","yes","2026-08-08"
"live-sitemap","/products/leisure-nightwear/unisex/matching-sets/unisex-casual-tracksuit","","KEEP","observed","individual-product","no","yes","2026-08-08"
"live-sitemap","/products/leisure-nightwear/unisex/matching-sets/unisex-lounge-set","","KEEP","observed","individual-product","no","yes","2026-08-08"
"live-sitemap","/products/leisure-nightwear/unisex/shirts-tops","","KEEP","observed","product-type","no","yes","2026-08-08"
"live-sitemap","/products/leisure-nightwear/unisex/shirts-tops/unisex-pullover-sweatshirt","","KEEP","observed","individual-product","no","yes","2026-08-08"
"live-sitemap","/products/leisure-nightwear/unisex/shirts-tops/unisex-zip-sweatshirt","","KEEP","observed","individual-product","no","yes","2026-08-08"
"live-sitemap","/products/leisure-nightwear/unisex/t-shirts","","KEEP","observed","product-type","no","yes","2026-08-08"
"live-sitemap","/products/leisure-nightwear/unisex/t-shirts/unisex-crewneck-t-shirt","","KEEP","observed","individual-product","no","yes","2026-08-08"
"live-sitemap","/products/leisure-nightwear/unisex/t-shirts/unisex-oversized-t-shirt","","KEEP","observed","individual-product","no","yes","2026-08-08"
"live-sitemap","/products/leisure-nightwear/women","","KEEP","observed","audience-group","no","yes","2026-08-08"
"live-sitemap","/products/leisure-nightwear/women/blouses","","KEEP","observed","product-type","no","yes","2026-08-08"
"live-sitemap","/products/leisure-nightwear/women/blouses/womens-casual-blouse","","KEEP","observed","individual-product","no","yes","2026-08-08"
"live-sitemap","/products/leisure-nightwear/women/custom-apparel","","KEEP","observed","product-type","no","yes","2026-08-08"
"live-sitemap","/products/leisure-nightwear/women/custom-apparel/womens-lightwear-cardigan","","KEEP","observed","individual-product","no","yes","2026-08-08"
"live-sitemap","/products/leisure-nightwear/women/custom-apparel/womens-long-sleeve-top","","KEEP","observed","individual-product","no","yes","2026-08-08"
"live-sitemap","/products/leisure-nightwear/women/jackets-outerwear","","KEEP","observed","product-type","no","yes","2026-08-08"
"live-sitemap","/products/leisure-nightwear/women/jackets-outerwear/womens-casual-zip-jacket","","KEEP","observed","individual-product","no","yes","2026-08-08"
"live-sitemap","/products/leisure-nightwear/women/matching-sets","","KEEP","observed","product-type","no","yes","2026-08-08"
"live-sitemap","/products/leisure-nightwear/women/matching-sets/womens-camisole-short-set","","KEEP","observed","individual-product","no","yes","2026-08-08"
"live-sitemap","/products/leisure-nightwear/women/matching-sets/womens-long-lounge-set","","KEEP","observed","individual-product","no","yes","2026-08-08"
"live-sitemap","/products/leisure-nightwear/women/matching-sets/womens-relaxed-set","","KEEP","observed","individual-product","no","yes","2026-08-08"
"live-sitemap","/products/leisure-nightwear/women/nightgowns-sleep-shirts","","KEEP","observed","product-type","no","yes","2026-08-08"
"live-sitemap","/products/leisure-nightwear/women/nightgowns-sleep-shirts/womens-lace-trim-night-dress","","KEEP","observed","individual-product","no","yes","2026-08-08"
"live-sitemap","/products/leisure-nightwear/women/nightgowns-sleep-shirts/womens-nightgown","","KEEP","observed","individual-product","no","yes","2026-08-08"
"live-sitemap","/products/leisure-nightwear/women/nightgowns-sleep-shirts/womens-sleep-shirt","","KEEP","observed","individual-product","no","yes","2026-08-08"
"live-sitemap","/products/leisure-nightwear/women/pajama-sleep-sets","","KEEP","observed","product-type","no","yes","2026-08-08"
"live-sitemap","/products/leisure-nightwear/women/pajama-sleep-sets/womens-button-down-sleep-set","","KEEP","observed","individual-product","no","yes","2026-08-08"
"live-sitemap","/products/leisure-nightwear/women/pajama-sleep-sets/womens-cotton-pajama-set","","KEEP","observed","individual-product","no","yes","2026-08-08"
"live-sitemap","/products/leisure-nightwear/women/pajama-sleep-sets/womens-flannel-pajama-set","","KEEP","observed","individual-product","no","yes","2026-08-08"
"live-sitemap","/products/leisure-nightwear/women/pajama-sleep-sets/womens-modal-pajama-set","","KEEP","observed","individual-product","no","yes","2026-08-08"
"live-sitemap","/products/leisure-nightwear/women/pajama-sleep-sets/womens-satin-pajama-set","","KEEP","observed","individual-product","no","yes","2026-08-08"
"live-sitemap","/products/leisure-nightwear/women/pajama-sleep-sets/womens-silk-pajama-set","","KEEP","observed","individual-product","no","yes","2026-08-08"
"live-sitemap","/products/leisure-nightwear/women/pajama-sleep-sets/womens-thermal-sleep-set","","KEEP","observed","individual-product","no","yes","2026-08-08"
"live-sitemap","/products/leisure-nightwear/women/pants-joggers","","KEEP","observed","product-type","no","yes","2026-08-08"
"live-sitemap","/products/leisure-nightwear/women/pants-joggers/womens-casual-jogger","","KEEP","observed","individual-product","no","yes","2026-08-08"
"live-sitemap","/products/leisure-nightwear/women/pants-joggers/womens-lounge-pants","","KEEP","observed","individual-product","no","yes","2026-08-08"
"live-sitemap","/products/leisure-nightwear/women/robes","","KEEP","observed","product-type","no","yes","2026-08-08"
"live-sitemap","/products/leisure-nightwear/women/robes/womens-plush-robe","","KEEP","observed","individual-product","no","yes","2026-08-08"
"live-sitemap","/products/leisure-nightwear/women/robes/womens-satin-robe","","KEEP","observed","individual-product","no","yes","2026-08-08"
"live-sitemap","/products/leisure-nightwear/women/shirts-tops","","KEEP","observed","product-type","no","yes","2026-08-08"
"live-sitemap","/products/leisure-nightwear/women/shirts-tops/womens-polo-shirt","","KEEP","observed","individual-product","no","yes","2026-08-08"
"live-sitemap","/products/leisure-nightwear/women/shorts","","KEEP","observed","product-type","no","yes","2026-08-08"
"live-sitemap","/products/leisure-nightwear/women/shorts/womens-lounge-shorts","","KEEP","observed","individual-product","no","yes","2026-08-08"
"live-sitemap","/products/leisure-nightwear/women/t-shirts","","KEEP","observed","product-type","no","yes","2026-08-08"
"live-sitemap","/products/leisure-nightwear/women/t-shirts/womens-oversized-sleep-t-shirt","","KEEP","observed","individual-product","no","yes","2026-08-08"
"live-sitemap","/products/leisure-nightwear/women/t-shirts/womens-relaxed-t-shirt","","KEEP","observed","individual-product","no","yes","2026-08-08"
"live-sitemap","/products/premium-leather-apparel","","KEEP","observed","main-division","no","yes","2026-08-08"
"live-sitemap","/products/premium-leather-apparel/accessories","","KEEP","observed","audience-group","no","yes","2026-08-08"
"live-sitemap","/products/premium-leather-apparel/accessories/accessories","","KEEP","observed","product-type","no","yes","2026-08-08"
"live-sitemap","/products/premium-leather-apparel/accessories/accessories/leather-belt","","KEEP","observed","individual-product","no","yes","2026-08-08"
"live-sitemap","/products/premium-leather-apparel/accessories/accessories/leather-gloves","","KEEP","observed","individual-product","no","yes","2026-08-08"
"live-sitemap","/products/premium-leather-apparel/accessories/accessories/leather-motorcycle-gloves","","KEEP","observed","individual-product","no","yes","2026-08-08"
"live-sitemap","/products/premium-leather-apparel/accessories/aprons","","KEEP","observed","product-type","no","yes","2026-08-08"
"live-sitemap","/products/premium-leather-apparel/accessories/aprons/leather-work-apron","","KEEP","observed","individual-product","no","yes","2026-08-08"
"live-sitemap","/products/premium-leather-apparel/accessories/bags","","KEEP","observed","product-type","no","yes","2026-08-08"
"live-sitemap","/products/premium-leather-apparel/accessories/bags/leather-backpack","","KEEP","observed","individual-product","no","yes","2026-08-08"
"live-sitemap","/products/premium-leather-apparel/accessories/bags/leather-duffle-bag","","KEEP","observed","individual-product","no","yes","2026-08-08"
"live-sitemap","/products/premium-leather-apparel/accessories/bags/leather-messenger-bag","","KEEP","observed","individual-product","no","yes","2026-08-08"
"live-sitemap","/products/premium-leather-apparel/accessories/bags/leather-tote-bag","","KEEP","observed","individual-product","no","yes","2026-08-08"
"live-sitemap","/products/premium-leather-apparel/accessories/bags/leather-waist-bag","","KEEP","observed","individual-product","no","yes","2026-08-08"
"live-sitemap","/products/premium-leather-apparel/accessories/custom-apparel","","KEEP","observed","product-type","no","yes","2026-08-08"
"live-sitemap","/products/premium-leather-apparel/accessories/custom-apparel/leather-wallet","","KEEP","observed","individual-product","no","yes","2026-08-08"
"live-sitemap","/products/premium-leather-apparel/men","","KEEP","observed","audience-group","no","yes","2026-08-08"
"live-sitemap","/products/premium-leather-apparel/men/custom-apparel","","KEEP","observed","product-type","no","yes","2026-08-08"
"live-sitemap","/products/premium-leather-apparel/men/custom-apparel/leather-blazer","","KEEP","observed","individual-product","no","yes","2026-08-08"
"live-sitemap","/products/premium-leather-apparel/men/hoodies","","KEEP","observed","product-type","no","yes","2026-08-08"
"live-sitemap","/products/premium-leather-apparel/men/hoodies/leather-hoodie","","KEEP","observed","individual-product","no","yes","2026-08-08"
"live-sitemap","/products/premium-leather-apparel/men/jackets-outerwear","","KEEP","observed","product-type","no","yes","2026-08-08"
"live-sitemap","/products/premium-leather-apparel/men/jackets-outerwear/cafe-racer-leather-jacket","","KEEP","observed","individual-product","no","yes","2026-08-08"
"live-sitemap","/products/premium-leather-apparel/men/jackets-outerwear/classic-leather-biker-jacket","","KEEP","observed","individual-product","no","yes","2026-08-08"
"live-sitemap","/products/premium-leather-apparel/men/jackets-outerwear/classic-leather-coat","","KEEP","observed","individual-product","no","yes","2026-08-08"
"live-sitemap","/products/premium-leather-apparel/men/jackets-outerwear/leather-aviator-jacket","","KEEP","observed","individual-product","no","yes","2026-08-08"
"live-sitemap","/products/premium-leather-apparel/men/jackets-outerwear/leather-bomber-jacket","","KEEP","observed","individual-product","no","yes","2026-08-08"
"live-sitemap","/products/premium-leather-apparel/men/jackets-outerwear/leather-field-jacket","","KEEP","observed","individual-product","no","yes","2026-08-08"
"live-sitemap","/products/premium-leather-apparel/men/jackets-outerwear/leather-motorcycle-jacket","","KEEP","observed","individual-product","no","yes","2026-08-08"
"live-sitemap","/products/premium-leather-apparel/men/jackets-outerwear/leather-puffer-jacket","","KEEP","observed","individual-product","no","yes","2026-08-08"
"live-sitemap","/products/premium-leather-apparel/men/jackets-outerwear/leather-trench-coat","","KEEP","observed","individual-product","no","yes","2026-08-08"
"live-sitemap","/products/premium-leather-apparel/men/jackets-outerwear/suede-leather-jacket","","KEEP","observed","individual-product","no","yes","2026-08-08"
"live-sitemap","/products/premium-leather-apparel/men/pants-joggers","","KEEP","observed","product-type","no","yes","2026-08-08"
"live-sitemap","/products/premium-leather-apparel/men/pants-joggers/leather-cargo-pants","","KEEP","observed","individual-product","no","yes","2026-08-08"
"live-sitemap","/products/premium-leather-apparel/men/pants-joggers/leather-pants","","KEEP","observed","individual-product","no","yes","2026-08-08"
"live-sitemap","/products/premium-leather-apparel/men/shirts-tops","","KEEP","observed","product-type","no","yes","2026-08-08"
"live-sitemap","/products/premium-leather-apparel/men/shirts-tops/leather-shirt","","KEEP","observed","individual-product","no","yes","2026-08-08"
"live-sitemap","/products/premium-leather-apparel/men/shorts","","KEEP","observed","product-type","no","yes","2026-08-08"
"live-sitemap","/products/premium-leather-apparel/men/shorts/leather-shorts","","KEEP","observed","individual-product","no","yes","2026-08-08"
"live-sitemap","/products/premium-leather-apparel/men/vests-waistcoats","","KEEP","observed","product-type","no","yes","2026-08-08"
"live-sitemap","/products/premium-leather-apparel/men/vests-waistcoats/leather-vest","","KEEP","observed","individual-product","no","yes","2026-08-08"
"live-sitemap","/products/premium-leather-apparel/men/vests-waistcoats/leather-waistcoat","","KEEP","observed","individual-product","no","yes","2026-08-08"
"live-sitemap","/products/premium-leather-apparel/women","","KEEP","observed","audience-group","no","yes","2026-08-08"
"live-sitemap","/products/premium-leather-apparel/women/custom-apparel","","KEEP","observed","product-type","no","yes","2026-08-08"
"live-sitemap","/products/premium-leather-apparel/women/custom-apparel/womens-leather-blazer","","KEEP","observed","individual-product","no","yes","2026-08-08"
"live-sitemap","/products/premium-leather-apparel/women/dresses-skirts","","KEEP","observed","product-type","no","yes","2026-08-08"
"live-sitemap","/products/premium-leather-apparel/women/dresses-skirts/leather-dress","","KEEP","observed","individual-product","no","yes","2026-08-08"
"live-sitemap","/products/premium-leather-apparel/women/dresses-skirts/leather-skirt","","KEEP","observed","individual-product","no","yes","2026-08-08"
"live-sitemap","/products/premium-leather-apparel/women/jackets-outerwear","","KEEP","observed","product-type","no","yes","2026-08-08"
"live-sitemap","/products/premium-leather-apparel/women/jackets-outerwear/womens-leather-biker-jacket","","KEEP","observed","individual-product","no","yes","2026-08-08"
"live-sitemap","/products/premium-leather-apparel/women/jackets-outerwear/womens-leather-bomber-jacket","","KEEP","observed","individual-product","no","yes","2026-08-08"
"live-sitemap","/products/premium-leather-apparel/women/jackets-outerwear/womens-leather-puffer-jacket","","KEEP","observed","individual-product","no","yes","2026-08-08"
"live-sitemap","/products/premium-leather-apparel/women/jackets-outerwear/womens-leather-trench-coat","","KEEP","observed","individual-product","no","yes","2026-08-08"
"live-sitemap","/products/premium-leather-apparel/women/jackets-outerwear/womens-suede-jacket","","KEEP","observed","individual-product","no","yes","2026-08-08"
"live-sitemap","/products/premium-leather-apparel/women/pants-joggers","","KEEP","observed","product-type","no","yes","2026-08-08"
"live-sitemap","/products/premium-leather-apparel/women/pants-joggers/womens-leather-cargo-pants","","KEEP","observed","individual-product","no","yes","2026-08-08"
"live-sitemap","/products/premium-leather-apparel/women/pants-joggers/womens-leather-pants","","KEEP","observed","individual-product","no","yes","2026-08-08"
"live-sitemap","/products/premium-leather-apparel/women/shirts-tops","","KEEP","observed","product-type","no","yes","2026-08-08"
"live-sitemap","/products/premium-leather-apparel/women/shirts-tops/womens-leather-shirt","","KEEP","observed","individual-product","no","yes","2026-08-08"
"live-sitemap","/products/premium-leather-apparel/women/vests-waistcoats","","KEEP","observed","product-type","no","yes","2026-08-08"
"live-sitemap","/products/premium-leather-apparel/women/vests-waistcoats/womens-leather-vest","","KEEP","observed","individual-product","no","yes","2026-08-08"
"live-sitemap","/products/sportswear","","KEEP","observed","main-division","no","yes","2026-08-08"
"live-sitemap","/products/sportswear/combat-sports","","KEEP","observed","audience-group","no","yes","2026-08-08"
"live-sitemap","/products/sportswear/combat-sports/combat-sportswear","","KEEP","observed","product-type","no","yes","2026-08-08"
"live-sitemap","/products/sportswear/combat-sports/combat-sportswear/boxing-robe","","KEEP","observed","individual-product","no","yes","2026-08-08"
"live-sitemap","/products/sportswear/combat-sports/combat-sportswear/boxing-shorts","","KEEP","observed","individual-product","no","yes","2026-08-08"
"live-sitemap","/products/sportswear/combat-sports/combat-sportswear/boxing-training-set","","KEEP","observed","individual-product","no","yes","2026-08-08"
"live-sitemap","/products/sportswear/combat-sports/combat-sportswear/mma-fight-shorts","","KEEP","observed","individual-product","no","yes","2026-08-08"
"live-sitemap","/products/sportswear/combat-sports/combat-sportswear/mma-rash-guard","","KEEP","observed","individual-product","no","yes","2026-08-08"
"live-sitemap","/products/sportswear/combat-sports/combat-sportswear/mma-training-set","","KEEP","observed","individual-product","no","yes","2026-08-08"
"live-sitemap","/products/sportswear/combat-sports/combat-sportswear/wrestling-singlet","","KEEP","observed","individual-product","no","yes","2026-08-08"
"live-sitemap","/products/sportswear/fitness-activewear","","KEEP","observed","audience-group","no","yes","2026-08-08"
"live-sitemap","/products/sportswear/fitness-activewear/performance-activewear","","KEEP","observed","product-type","no","yes","2026-08-08"
"live-sitemap","/products/sportswear/fitness-activewear/performance-activewear/compression-set","","KEEP","observed","individual-product","no","yes","2026-08-08"
"live-sitemap","/products/sportswear/fitness-activewear/performance-activewear/compression-shirt","","KEEP","observed","individual-product","no","yes","2026-08-08"
"live-sitemap","/products/sportswear/fitness-activewear/performance-activewear/compression-tights","","KEEP","observed","individual-product","no","yes","2026-08-08"
"live-sitemap","/products/sportswear/fitness-activewear/performance-activewear/cycling-bib-shorts","","KEEP","observed","individual-product","no","yes","2026-08-08"
"live-sitemap","/products/sportswear/fitness-activewear/performance-activewear/cycling-jersey","","KEEP","observed","individual-product","no","yes","2026-08-08"
"live-sitemap","/products/sportswear/fitness-activewear/performance-activewear/gym-tank-top","","KEEP","observed","individual-product","no","yes","2026-08-08"
"live-sitemap","/products/sportswear/fitness-activewear/performance-activewear/running-jacket","","KEEP","observed","individual-product","no","yes","2026-08-08"
"live-sitemap","/products/sportswear/fitness-activewear/performance-activewear/running-shorts","","KEEP","observed","individual-product","no","yes","2026-08-08"
"live-sitemap","/products/sportswear/fitness-activewear/performance-activewear/running-singlet","","KEEP","observed","individual-product","no","yes","2026-08-08"
"live-sitemap","/products/sportswear/fitness-activewear/performance-activewear/womens-gym-leggings","","KEEP","observed","individual-product","no","yes","2026-08-08"
"live-sitemap","/products/sportswear/fitness-activewear/performance-activewear/womens-sports-bra","","KEEP","observed","individual-product","no","yes","2026-08-08"
"live-sitemap","/products/sportswear/fitness-activewear/performance-activewear/womens-yoga-set","","KEEP","observed","individual-product","no","yes","2026-08-08"
"live-sitemap","/products/sportswear/team-club","","KEEP","observed","audience-group","no","yes","2026-08-08"
"live-sitemap","/products/sportswear/team-club/team-uniforms","","KEEP","observed","product-type","no","yes","2026-08-08"
"live-sitemap","/products/sportswear/team-club/team-uniforms/american-football-uniform","","KEEP","observed","individual-product","no","yes","2026-08-08"
"live-sitemap","/products/sportswear/team-club/team-uniforms/baseball-uniform","","KEEP","observed","individual-product","no","yes","2026-08-08"
"live-sitemap","/products/sportswear/team-club/team-uniforms/basketball-uniform","","KEEP","observed","individual-product","no","yes","2026-08-08"
"live-sitemap","/products/sportswear/team-club/team-uniforms/cricket-uniform","","KEEP","observed","individual-product","no","yes","2026-08-08"
"live-sitemap","/products/sportswear/team-club/team-uniforms/esports-jersey","","KEEP","observed","individual-product","no","yes","2026-08-08"
"live-sitemap","/products/sportswear/team-club/team-uniforms/field-hockey-uniform","","KEEP","observed","individual-product","no","yes","2026-08-08"
"live-sitemap","/products/sportswear/team-club/team-uniforms/futsal-uniform","","KEEP","observed","individual-product","no","yes","2026-08-08"
"live-sitemap","/products/sportswear/team-club/team-uniforms/handball-uniform","","KEEP","observed","individual-product","no","yes","2026-08-08"
"live-sitemap","/products/sportswear/team-club/team-uniforms/ice-hockey-jersey","","KEEP","observed","individual-product","no","yes","2026-08-08"
"live-sitemap","/products/sportswear/team-club/team-uniforms/netball-uniform","","KEEP","observed","individual-product","no","yes","2026-08-08"
"live-sitemap","/products/sportswear/team-club/team-uniforms/rugby-uniform","","KEEP","observed","individual-product","no","yes","2026-08-08"
"live-sitemap","/products/sportswear/team-club/team-uniforms/soccer-away-kit","","KEEP","observed","individual-product","no","yes","2026-08-08"
"live-sitemap","/products/sportswear/team-club/team-uniforms/soccer-goalkeeper-kit","","KEEP","observed","individual-product","no","yes","2026-08-08"
"live-sitemap","/products/sportswear/team-club/team-uniforms/soccer-home-kit","","KEEP","observed","individual-product","no","yes","2026-08-08"
"live-sitemap","/products/sportswear/team-club/team-uniforms/volleyball-uniform","","KEEP","observed","individual-product","no","yes","2026-08-08"
"live-sitemap","/products/sportswear/training","","KEEP","observed","audience-group","no","yes","2026-08-08"
"live-sitemap","/products/sportswear/training/training-wear","","KEEP","observed","product-type","no","yes","2026-08-08"
"live-sitemap","/products/sportswear/training/training-wear/quarter-zip-training-top","","KEEP","observed","individual-product","no","yes","2026-08-08"
"live-sitemap","/products/sportswear/training/training-wear/sports-warm-up-suit","","KEEP","observed","individual-product","no","yes","2026-08-08"
"live-sitemap","/products/sportswear/training/training-wear/sports-windbreaker","","KEEP","observed","individual-product","no","yes","2026-08-08"
"live-sitemap","/products/sportswear/training/training-wear/team-bench-jacket","","KEEP","observed","individual-product","no","yes","2026-08-08"
"live-sitemap","/products/sportswear/training/training-wear/team-tracksuit","","KEEP","observed","individual-product","no","yes","2026-08-08"
"live-sitemap","/products/sportswear/training/training-wear/training-bib","","KEEP","observed","individual-product","no","yes","2026-08-08"
"live-sitemap","/products/sportswear/training/training-wear/training-pants","","KEEP","observed","individual-product","no","yes","2026-08-08"
"live-sitemap","/products/sportswear/training/training-wear/training-polo","","KEEP","observed","individual-product","no","yes","2026-08-08"
"live-sitemap","/products/sportswear/training/training-wear/training-shorts","","KEEP","observed","individual-product","no","yes","2026-08-08"
"live-sitemap","/products/sportswear/training/training-wear/training-t-shirt","","KEEP","observed","individual-product","no","yes","2026-08-08"
"live-sitemap","/products/streetwear-activewear","","KEEP","observed","main-division","no","yes","2026-08-08"
"live-sitemap","/products/streetwear-activewear/unisex","","KEEP","observed","audience-group","no","yes","2026-08-08"
"live-sitemap","/products/streetwear-activewear/unisex/bottoms","","KEEP","observed","product-type","no","yes","2026-08-08"
"live-sitemap","/products/streetwear-activewear/unisex/bottoms/cargo-pants","","KEEP","observed","individual-product","no","yes","2026-08-08"
"live-sitemap","/products/streetwear-activewear/unisex/bottoms/cargo-shorts","","KEEP","observed","individual-product","no","yes","2026-08-08"
"live-sitemap","/products/streetwear-activewear/unisex/bottoms/jogger-pants","","KEEP","observed","individual-product","no","yes","2026-08-08"
"live-sitemap","/products/streetwear-activewear/unisex/bottoms/parachute-pants","","KEEP","observed","individual-product","no","yes","2026-08-08"
"live-sitemap","/products/streetwear-activewear/unisex/bottoms/sweat-shorts","","KEEP","observed","individual-product","no","yes","2026-08-08"
"live-sitemap","/products/streetwear-activewear/unisex/bottoms/sweatpants","","KEEP","observed","individual-product","no","yes","2026-08-08"
"live-sitemap","/products/streetwear-activewear/unisex/bottoms/tech-fleece-tracksuit","","KEEP","observed","individual-product","no","yes","2026-08-08"
"live-sitemap","/products/streetwear-activewear/unisex/bottoms/track-pants","","KEEP","observed","individual-product","no","yes","2026-08-08"
"live-sitemap","/products/streetwear-activewear/unisex/bottoms/utility-shorts","","KEEP","observed","individual-product","no","yes","2026-08-08"
"live-sitemap","/products/streetwear-activewear/unisex/bottoms/wide-leg-pants","","KEEP","observed","individual-product","no","yes","2026-08-08"
"live-sitemap","/products/streetwear-activewear/unisex/matching-sets","","KEEP","observed","product-type","no","yes","2026-08-08"
"live-sitemap","/products/streetwear-activewear/unisex/matching-sets/cargo-tracksuit","","KEEP","observed","individual-product","no","yes","2026-08-08"
"live-sitemap","/products/streetwear-activewear/unisex/matching-sets/oversized-hoodie-jogger-set","","KEEP","observed","individual-product","no","yes","2026-08-08"
"live-sitemap","/products/streetwear-activewear/unisex/matching-sets/streetwear-tracksuit","","KEEP","observed","individual-product","no","yes","2026-08-08"
"live-sitemap","/products/streetwear-activewear/unisex/matching-sets/summer-t-shirt-shorts-set","","KEEP","observed","individual-product","no","yes","2026-08-08"
"live-sitemap","/products/streetwear-activewear/unisex/matching-sets/sweatshirt-jogger-set","","KEEP","observed","individual-product","no","yes","2026-08-08"
"live-sitemap","/products/streetwear-activewear/unisex/matching-sets/techwear-set","","KEEP","observed","individual-product","no","yes","2026-08-08"
"live-sitemap","/products/streetwear-activewear/unisex/matching-sets/zip-hoodie-jogger-set","","KEEP","observed","individual-product","no","yes","2026-08-08"
"live-sitemap","/products/streetwear-activewear/unisex/outerwear","","KEEP","observed","product-type","no","yes","2026-08-08"
"live-sitemap","/products/streetwear-activewear/unisex/outerwear/coach-jacket","","KEEP","observed","individual-product","no","yes","2026-08-08"
"live-sitemap","/products/streetwear-activewear/unisex/outerwear/puffer-jacket","","KEEP","observed","individual-product","no","yes","2026-08-08"
"live-sitemap","/products/streetwear-activewear/unisex/outerwear/sherpa-jacket","","KEEP","observed","individual-product","no","yes","2026-08-08"
"live-sitemap","/products/streetwear-activewear/unisex/outerwear/streetwear-bomber-jacket","","KEEP","observed","individual-product","no","yes","2026-08-08"
"live-sitemap","/products/streetwear-activewear/unisex/outerwear/technical-shell-jacket","","KEEP","observed","individual-product","no","yes","2026-08-08"
"live-sitemap","/products/streetwear-activewear/unisex/outerwear/utility-jacket","","KEEP","observed","individual-product","no","yes","2026-08-08"
"live-sitemap","/products/streetwear-activewear/unisex/outerwear/varsity-jacket","","KEEP","observed","individual-product","no","yes","2026-08-08"
"live-sitemap","/products/streetwear-activewear/unisex/outerwear/windbreaker-jacket","","KEEP","observed","individual-product","no","yes","2026-08-08"
"live-sitemap","/products/streetwear-activewear/unisex/tops","","KEEP","observed","product-type","no","yes","2026-08-08"
"live-sitemap","/products/streetwear-activewear/unisex/tops/crewneck-sweatshirt","","KEEP","observed","individual-product","no","yes","2026-08-08"
"live-sitemap","/products/streetwear-activewear/unisex/tops/cropped-hoodie","","KEEP","observed","individual-product","no","yes","2026-08-08"
"live-sitemap","/products/streetwear-activewear/unisex/tops/graphic-t-shirt","","KEEP","observed","individual-product","no","yes","2026-08-08"
"live-sitemap","/products/streetwear-activewear/unisex/tops/heavyweight-sweatshirt","","KEEP","observed","individual-product","no","yes","2026-08-08"
"live-sitemap","/products/streetwear-activewear/unisex/tops/heavyweight-t-shirt","","KEEP","observed","individual-product","no","yes","2026-08-08"
"live-sitemap","/products/streetwear-activewear/unisex/tops/long-sleeve-t-shirt","","KEEP","observed","individual-product","no","yes","2026-08-08"
"live-sitemap","/products/streetwear-activewear/unisex/tops/overshirt","","KEEP","observed","individual-product","no","yes","2026-08-08"
"live-sitemap","/products/streetwear-activewear/unisex/tops/oversized-pullover-hoodie","","KEEP","observed","individual-product","no","yes","2026-08-08"
"live-sitemap","/products/streetwear-activewear/unisex/tops/oversized-t-shirt","","KEEP","observed","individual-product","no","yes","2026-08-08"
"live-sitemap","/products/streetwear-activewear/unisex/tops/premium-zip-hoodie","","KEEP","observed","individual-product","no","yes","2026-08-08"
"live-sitemap","/products/streetwear-activewear/unisex/tops/streetwear-premium-polo-shirt","","KEEP","observed","individual-product","no","yes","2026-08-08"
"live-sitemap","/products/streetwear-activewear/unisex/tops/streetwear-shirt","","KEEP","observed","individual-product","no","yes","2026-08-08"
"live-sitemap","/products/streetwear-activewear/women","","KEEP","observed","audience-group","no","yes","2026-08-08"
"live-sitemap","/products/streetwear-activewear/women/hoodies","","KEEP","observed","product-type","no","yes","2026-08-08"
"live-sitemap","/products/streetwear-activewear/women/hoodies/womens-cropped-hoodie","","KEEP","observed","individual-product","no","yes","2026-08-08"
"live-sitemap","/products/streetwear-activewear/women/hoodies/womens-oversized-hoodie","","KEEP","observed","individual-product","no","yes","2026-08-08"
"live-sitemap","/products/streetwear-activewear/women/matching-sets","","KEEP","observed","product-type","no","yes","2026-08-08"
"live-sitemap","/products/streetwear-activewear/women/matching-sets/womens-streetwear-tracksuit","","KEEP","observed","individual-product","no","yes","2026-08-08"
"live-sitemap","/products/streetwear-activewear/women/pants-joggers","","KEEP","observed","product-type","no","yes","2026-08-08"
"live-sitemap","/products/streetwear-activewear/women/pants-joggers/womens-cargo-pants","","KEEP","observed","individual-product","no","yes","2026-08-08"
"live-sitemap","/products/streetwear-activewear/women/pants-joggers/womens-parachute-pants","","KEEP","observed","individual-product","no","yes","2026-08-08"
"live-sitemap","/products/streetwear-activewear/women/shorts","","KEEP","observed","product-type","no","yes","2026-08-08"
"live-sitemap","/products/streetwear-activewear/women/shorts/womens-cargo-shorts","","KEEP","observed","individual-product","no","yes","2026-08-08"
"live-sitemap","/products/streetwear-activewear/women/t-shirts","","KEEP","observed","product-type","no","yes","2026-08-08"
"live-sitemap","/products/streetwear-activewear/women/t-shirts/womens-cropped-t-shirt","","KEEP","observed","individual-product","no","yes","2026-08-08"
"live-sitemap","/products/streetwear-activewear/women/t-shirts/womens-oversized-t-shirt","","KEEP","observed","individual-product","no","yes","2026-08-08"
"live-sitemap","/repeat-order","","KEEP","observed","inquiry-rfq","no","yes","2026-08-08"
"live-sitemap","/resources","","KEEP","observed","resource-index","no","yes","2026-08-08"
"live-sitemap","/switzerland-apparel-manufacturer","","KEEP","observed","localized-market","no","yes","2026-08-08"
"live-sitemap","/terms-of-service","","KEEP","observed","legal","no","yes","2026-08-08"
"live-sitemap","/uk-custom-apparel-manufacturer","","KEEP","observed","localized-market","no","yes","2026-08-08"
"live-sitemap","/usa-private-label-clothing-manufacturer","","KEEP","observed","localized-market","no","yes","2026-08-08"
"supabase-legacy-route","/australia","/markets/australia","301","auto","market landing","no","no","2026-08-08"
"supabase-legacy-route","/austria","/markets/austria","301","auto","market landing","no","no","2026-08-08"
"supabase-legacy-route","/buyer-faq","/faq","301","auto","canonical path","no","no","2026-08-08"
"supabase-legacy-route","/buyer-resources","/resources","301","auto","canonical path","no","no","2026-08-08"
"supabase-legacy-route","/buyer-trust-center","/buyer-trust","301","auto","canonical path","no","no","2026-08-08"
"supabase-legacy-route","/buyer-trust-centre","/buyer-trust","301","auto","canonical path","no","no","2026-08-08"
"supabase-legacy-route","/canada","/markets/canada","301","auto","market landing","no","no","2026-08-08"
"supabase-legacy-route","/catalog","/catalogue","INVESTIGATE","auto","spelling alias","yes","no","2026-08-08"
"supabase-legacy-route","/catalogs/master-catalogue-2026.pdf","/catalogue","301","auto","retired PDF","no","no","2026-08-08"
"supabase-legacy-route","/dashboard","/admin","301","auto","admin entry","no","no","2026-08-08"
"supabase-legacy-route","/germany","/markets/germany","301","auto","market landing","no","no","2026-08-08"
"supabase-legacy-route","/intl/de-AT/p135-oversized-t-shirt","/intl/de-AT/p136-oversized-t-shirt","301","auto","Master product sequence and localized canonical-path alignment","no","no","2026-08-08"
"supabase-legacy-route","/intl/de-AT/p136-heavyweight-t-shirt","/intl/de-AT/p137-heavyweight-t-shirt","301","auto","Master product sequence and localized canonical-path alignment","no","no","2026-08-08"
"supabase-legacy-route","/intl/de-AT/p137-long-sleeve-t-shirt","/intl/de-AT/p138-long-sleeve-t-shirt","301","auto","Master product sequence and localized canonical-path alignment","no","no","2026-08-08"
"supabase-legacy-route","/intl/de-AT/p138-graphic-t-shirt","/intl/de-AT/p139-graphic-t-shirt","301","auto","Master product sequence and localized canonical-path alignment","no","no","2026-08-08"
"supabase-legacy-route","/intl/de-AT/p139-oversized-pullover-hoodie","/intl/de-AT/p140-oversized-pullover-hoodie","301","auto","Master product sequence and localized canonical-path alignment","no","no","2026-08-08"
"supabase-legacy-route","/intl/de-AT/p140-premium-zip-hoodie","/intl/de-AT/p141-premium-zip-hoodie","301","auto","Master product sequence and localized canonical-path alignment","no","no","2026-08-08"
"supabase-legacy-route","/intl/de-AT/p141-cropped-hoodie","/intl/de-AT/p142-cropped-hoodie","301","auto","Master product sequence and localized canonical-path alignment","no","no","2026-08-08"
"supabase-legacy-route","/intl/de-AT/p142-heavyweight-sweatshirt","/intl/de-AT/p143-heavyweight-sweatshirt","301","auto","Master product sequence and localized canonical-path alignment","no","no","2026-08-08"
"supabase-legacy-route","/intl/de-AT/p143-crewneck-sweatshirt","/intl/de-AT/p144-crewneck-sweatshirt","301","auto","Master product sequence and localized canonical-path alignment","no","no","2026-08-08"
"supabase-legacy-route","/intl/de-AT/p144-premium-polo-shirt","/intl/de-AT/p145-streetwear-premium-polo-shirt","301","auto","Master product sequence and localized canonical-path alignment","no","no","2026-08-08"
"supabase-legacy-route","/intl/de-AT/p145-streetwear-shirt","/intl/de-AT/p146-streetwear-shirt","301","auto","Master product sequence and localized canonical-path alignment","no","no","2026-08-08"
"supabase-legacy-route","/intl/de-AT/p146-overshirt","/intl/de-AT/p147-overshirt","301","auto","Master product sequence and localized canonical-path alignment","no","no","2026-08-08"
"supabase-legacy-route","/intl/de-AT/p147-varsity-jacket","/intl/de-AT/p148-varsity-jacket","301","auto","Master product sequence and localized canonical-path alignment","no","no","2026-08-08"
"supabase-legacy-route","/intl/de-AT/p148-coach-jacket","/intl/de-AT/p149-coach-jacket","301","auto","Master product sequence and localized canonical-path alignment","no","no","2026-08-08"
"supabase-legacy-route","/intl/de-AT/p149-streetwear-bomber-jacket","/intl/de-AT/p150-streetwear-bomber-jacket","301","auto","Master product sequence and localized canonical-path alignment","no","no","2026-08-08"
"supabase-legacy-route","/intl/de-AT/p150-puffer-jacket","/intl/de-AT/p151-puffer-jacket","301","auto","Master product sequence and localized canonical-path alignment","no","no","2026-08-08"
"supabase-legacy-route","/intl/de-AT/p151-windbreaker-jacket","/intl/de-AT/p152-windbreaker-jacket","301","auto","Master product sequence and localized canonical-path alignment","no","no","2026-08-08"
"supabase-legacy-route","/intl/de-AT/p152-utility-jacket","/intl/de-AT/p153-utility-jacket","301","auto","Master product sequence and localized canonical-path alignment","no","no","2026-08-08"
"supabase-legacy-route","/intl/de-AT/p153-sherpa-jacket","/intl/de-AT/p154-sherpa-jacket","301","auto","Master product sequence and localized canonical-path alignment","no","no","2026-08-08"
"supabase-legacy-route","/intl/de-AT/p154-technical-shell-jacket","/intl/de-AT/p155-technical-shell-jacket","301","auto","Master product sequence and localized canonical-path alignment","no","no","2026-08-08"
"supabase-legacy-route","/intl/de-AT/p155-cargo-pants","/intl/de-AT/p156-cargo-pants","301","auto","Master product sequence and localized canonical-path alignment","no","no","2026-08-08"
"supabase-legacy-route","/intl/de-AT/p156-parachute-pants","/intl/de-AT/p157-parachute-pants","301","auto","Master product sequence and localized canonical-path alignment","no","no","2026-08-08"
"supabase-legacy-route","/intl/de-AT/p157-jogger-pants","/intl/de-AT/p158-jogger-pants","301","auto","Master product sequence and localized canonical-path alignment","no","no","2026-08-08"
"supabase-legacy-route","/intl/de-AT/p158-sweatpants","/intl/de-AT/p159-sweatpants","301","auto","Master product sequence and localized canonical-path alignment","no","no","2026-08-08"
"supabase-legacy-route","/intl/de-AT/p159-wide-leg-pants","/intl/de-AT/p160-wide-leg-pants","301","auto","Master product sequence and localized canonical-path alignment","no","no","2026-08-08"
"supabase-legacy-route","/intl/de-AT/p160-cargo-shorts","/intl/de-AT/p161-cargo-shorts","301","auto","Master product sequence and localized canonical-path alignment","no","no","2026-08-08"
"supabase-legacy-route","/intl/de-AT/p161-sweat-shorts","/intl/de-AT/p162-sweat-shorts","301","auto","Master product sequence and localized canonical-path alignment","no","no","2026-08-08"
"supabase-legacy-route","/intl/de-AT/p162-tech-fleece-tracksuit","/intl/de-AT/p163-tech-fleece-tracksuit","301","auto","Master product sequence and localized canonical-path alignment","no","no","2026-08-08"
"supabase-legacy-route","/intl/de-AT/p163-track-pants","/intl/de-AT/p164-track-pants","301","auto","Master product sequence and localized canonical-path alignment","no","no","2026-08-08"
"supabase-legacy-route","/intl/de-AT/p164-utility-shorts","/intl/de-AT/p165-utility-shorts","301","auto","Master product sequence and localized canonical-path alignment","no","no","2026-08-08"
"supabase-legacy-route","/intl/de-AT/p165-oversized-hoodie-jogger-set","/intl/de-AT/p166-oversized-hoodie-jogger-set","301","auto","Master product sequence and localized canonical-path alignment","no","no","2026-08-08"
"supabase-legacy-route","/intl/de-AT/p166-zip-hoodie-jogger-set","/intl/de-AT/p167-zip-hoodie-jogger-set","301","auto","Master product sequence and localized canonical-path alignment","no","no","2026-08-08"
"supabase-legacy-route","/intl/de-AT/p167-sweatshirt-jogger-set","/intl/de-AT/p168-sweatshirt-jogger-set","301","auto","Master product sequence and localized canonical-path alignment","no","no","2026-08-08"
"supabase-legacy-route","/intl/de-AT/p168-streetwear-tracksuit","/intl/de-AT/p169-streetwear-tracksuit","301","auto","Master product sequence and localized canonical-path alignment","no","no","2026-08-08"
"supabase-legacy-route","/intl/de-AT/p169-cargo-tracksuit","/intl/de-AT/p170-cargo-tracksuit","301","auto","Master product sequence and localized canonical-path alignment","no","no","2026-08-08"
"supabase-legacy-route","/intl/de-AT/p170-techwear-set","/intl/de-AT/p171-techwear-set","301","auto","Master product sequence and localized canonical-path alignment","no","no","2026-08-08"
"supabase-legacy-route","/intl/de-AT/p171-summer-t-shirt-shorts-set","/intl/de-AT/p172-summer-t-shirt-shorts-set","301","auto","Master product sequence and localized canonical-path alignment","no","no","2026-08-08"
"supabase-legacy-route","/intl/de-AT/p172-womens-oversized-t-shirt","/intl/de-AT/p173-womens-oversized-t-shirt","301","auto","Master product sequence and localized canonical-path alignment","no","no","2026-08-08"
"supabase-legacy-route","/intl/de-AT/p173-womens-cropped-t-shirt","/intl/de-AT/p174-womens-cropped-t-shirt","301","auto","Master product sequence and localized canonical-path alignment","no","no","2026-08-08"
"supabase-legacy-route","/intl/de-AT/p174-womens-oversized-hoodie","/intl/de-AT/p175-womens-oversized-hoodie","301","auto","Master product sequence and localized canonical-path alignment","no","no","2026-08-08"
"supabase-legacy-route","/intl/de-AT/p175-womens-cargo-pants","/intl/de-AT/p176-womens-cargo-pants","301","auto","Master product sequence and localized canonical-path alignment","no","no","2026-08-08"
"supabase-legacy-route","/intl/de-AT/p176-womens-parachute-pants","/intl/de-AT/p177-womens-parachute-pants","301","auto","Master product sequence and localized canonical-path alignment","no","no","2026-08-08"
"supabase-legacy-route","/intl/de-AT/p177-womens-cropped-hoodie","/intl/de-AT/p178-womens-cropped-hoodie","301","auto","Master product sequence and localized canonical-path alignment","no","no","2026-08-08"
"supabase-legacy-route","/intl/de-AT/p178-womens-cargo-shorts","/intl/de-AT/p179-womens-cargo-shorts","301","auto","Master product sequence and localized canonical-path alignment","no","no","2026-08-08"
"supabase-legacy-route","/intl/de-AT/p179-womens-streetwear-tracksuit","/intl/de-AT/p180-womens-streetwear-tracksuit","301","auto","Master product sequence and localized canonical-path alignment","no","no","2026-08-08"
"supabase-legacy-route","/intl/de-AT/p180-casual-button-up-shirt","/intl/de-AT/p181-casual-button-up-shirt","301","auto","Master product sequence and localized canonical-path alignment","no","no","2026-08-08"
"supabase-legacy-route","/intl/de-AT/p181-essential-crewneck-t-shirt","/intl/de-AT/p182-essential-crewneck-t-shirt","301","auto","Master product sequence and localized canonical-path alignment","no","no","2026-08-08"
"supabase-legacy-route","/intl/de-AT/p182-essential-v-neck-t-shirt","/intl/de-AT/p183-essential-v-neck-t-shirt","301","auto","Master product sequence and localized canonical-path alignment","no","no","2026-08-08"
"supabase-legacy-route","/intl/de-AT/p183-henley-short-sleeve-shirt","/intl/de-AT/p184-henley-short-sleeve-shirt","301","auto","Master product sequence and localized canonical-path alignment","no","no","2026-08-08"
"supabase-legacy-route","/intl/de-AT/p184-henley-long-sleeve-shirt","/intl/de-AT/p185-henley-long-sleeve-shirt","301","auto","Master product sequence and localized canonical-path alignment","no","no","2026-08-08"
"supabase-legacy-route","/intl/de-AT/p185-premium-polo-shirt","/intl/de-AT/p186-mens-premium-polo-shirt","301","auto","Master product sequence and localized canonical-path alignment","no","no","2026-08-08"
"supabase-legacy-route","/intl/de-AT/p186-cotton-chino-shorts","/intl/de-AT/p187-cotton-chino-shorts","301","auto","Master product sequence and localized canonical-path alignment","no","no","2026-08-08"
"supabase-legacy-route","/intl/de-AT/p187-casual-chino-pants","/intl/de-AT/p188-casual-chino-pants","301","auto","Master product sequence and localized canonical-path alignment","no","no","2026-08-08"
"supabase-legacy-route","/intl/de-AT/p188-lounge-shorts","/intl/de-AT/p189-lounge-shorts","301","auto","Master product sequence and localized canonical-path alignment","no","no","2026-08-08"
"supabase-legacy-route","/intl/de-AT/p189-casual-jogger","/intl/de-AT/p190-casual-jogger","301","auto","Master product sequence and localized canonical-path alignment","no","no","2026-08-08"
"supabase-legacy-route","/intl/de-AT/p190-womens-relaxed-t-shirt","/intl/de-AT/p191-womens-relaxed-t-shirt","301","auto","Master product sequence and localized canonical-path alignment","no","no","2026-08-08"
"supabase-legacy-route","/intl/de-AT/p191-womens-long-sleeve-top","/intl/de-AT/p192-womens-long-sleeve-top","301","auto","Master product sequence and localized canonical-path alignment","no","no","2026-08-08"
"supabase-legacy-route","/intl/de-AT/p192-womens-casual-blouse","/intl/de-AT/p193-womens-casual-blouse","301","auto","Master product sequence and localized canonical-path alignment","no","no","2026-08-08"
"supabase-legacy-route","/intl/de-AT/p193-womens-polo-shirt","/intl/de-AT/p194-womens-polo-shirt","301","auto","Master product sequence and localized canonical-path alignment","no","no","2026-08-08"
"supabase-legacy-route","/intl/de-AT/p194-womens-lounge-pants","/intl/de-AT/p195-womens-lounge-pants","301","auto","Master product sequence and localized canonical-path alignment","no","no","2026-08-08"
"supabase-legacy-route","/intl/de-AT/p195-womens-lounge-shorts","/intl/de-AT/p196-womens-lounge-shorts","301","auto","Master product sequence and localized canonical-path alignment","no","no","2026-08-08"
"supabase-legacy-route","/intl/de-AT/p196-womens-casual-jogger","/intl/de-AT/p197-womens-casual-jogger","301","auto","Master product sequence and localized canonical-path alignment","no","no","2026-08-08"
"supabase-legacy-route","/intl/de-AT/p197-womens-relaxed-set","/intl/de-AT/p198-womens-relaxed-set","301","auto","Master product sequence and localized canonical-path alignment","no","no","2026-08-08"
"supabase-legacy-route","/intl/de-AT/p198-womens-lightwear-cardigan","/intl/de-AT/p199-womens-lightwear-cardigan","301","auto","Master product sequence and localized canonical-path alignment","no","no","2026-08-08"
"supabase-legacy-route","/intl/de-AT/p199-womens-casual-zip-jacket","/intl/de-AT/p200-womens-casual-zip-jacket","301","auto","Master product sequence and localized canonical-path alignment","no","no","2026-08-08"
"supabase-legacy-route","/intl/de-AT/p200-unisex-crewneck-t-shirt","/intl/de-AT/p201-unisex-crewneck-t-shirt","301","auto","Master product sequence and localized canonical-path alignment","no","no","2026-08-08"
"supabase-legacy-route","/intl/de-AT/p201-unisex-pullover-sweatshirt","/intl/de-AT/p202-unisex-pullover-sweatshirt","301","auto","Master product sequence and localized canonical-path alignment","no","no","2026-08-08"
"supabase-legacy-route","/intl/de-AT/p202-unisex-zip-sweatshirt","/intl/de-AT/p203-unisex-zip-sweatshirt","301","auto","Master product sequence and localized canonical-path alignment","no","no","2026-08-08"
"supabase-legacy-route","/intl/de-AT/p203-unisex-lightweight-hoodie","/intl/de-AT/p204-unisex-lightweight-hoodie","301","auto","Master product sequence and localized canonical-path alignment","no","no","2026-08-08"
"supabase-legacy-route","/intl/de-AT/p204-unisex-lounge-set","/intl/de-AT/p205-unisex-lounge-set","301","auto","Master product sequence and localized canonical-path alignment","no","no","2026-08-08"
"supabase-legacy-route","/intl/de-AT/p205-unisex-fleece-jacket","/intl/de-AT/p206-unisex-fleece-jacket","301","auto","Master product sequence and localized canonical-path alignment","no","no","2026-08-08"
"supabase-legacy-route","/intl/de-AT/p206-unisex-casual-tracksuit","/intl/de-AT/p207-unisex-casual-tracksuit","301","auto","Master product sequence and localized canonical-path alignment","no","no","2026-08-08"
"supabase-legacy-route","/intl/de-AT/p207-unisex-oversized-t-shirt","/intl/de-AT/p208-unisex-oversized-t-shirt","301","auto","Master product sequence and localized canonical-path alignment","no","no","2026-08-08"
"supabase-legacy-route","/intl/de-AT/p208-kids-basic-t-shirt","/intl/de-AT/p209-kids-basic-t-shirt","301","auto","Master product sequence and localized canonical-path alignment","no","no","2026-08-08"
"supabase-legacy-route","/intl/de-AT/p209-kids-polo-shirt","/intl/de-AT/p210-kids-polo-shirt","301","auto","Master product sequence and localized canonical-path alignment","no","no","2026-08-08"
"supabase-legacy-route","/intl/de-AT/p210-kids-hoodie","/intl/de-AT/p211-kids-hoodie","301","auto","Master product sequence and localized canonical-path alignment","no","no","2026-08-08"
"supabase-legacy-route","/intl/de-AT/p211-kids-sweatshirt","/intl/de-AT/p212-kids-sweatshirt","301","auto","Master product sequence and localized canonical-path alignment","no","no","2026-08-08"
"supabase-legacy-route","/intl/de-AT/p212-kids-jogger","/intl/de-AT/p213-kids-jogger","301","auto","Master product sequence and localized canonical-path alignment","no","no","2026-08-08"
"supabase-legacy-route","/intl/de-AT/p213-kids-lounge-set","/intl/de-AT/p214-kids-lounge-set","301","auto","Master product sequence and localized canonical-path alignment","no","no","2026-08-08"
"supabase-legacy-route","/intl/de-AT/p214-kids-casual-tracksuit","/intl/de-AT/p215-kids-casual-tracksuit","301","auto","Master product sequence and localized canonical-path alignment","no","no","2026-08-08"
"supabase-legacy-route","/intl/de-AT/p215-mens-cotton-pajama-set","/intl/de-AT/p216-mens-cotton-pajama-set","301","auto","Master product sequence and localized canonical-path alignment","no","no","2026-08-08"
"supabase-legacy-route","/intl/de-AT/p216-mens-flannel-pajama-set","/intl/de-AT/p217-mens-flannel-pajama-set","301","auto","Master product sequence and localized canonical-path alignment","no","no","2026-08-08"
"supabase-legacy-route","/intl/de-AT/p217-mens-satin-pajama-set","/intl/de-AT/p218-mens-satin-pajama-set","301","auto","Master product sequence and localized canonical-path alignment","no","no","2026-08-08"
"supabase-legacy-route","/intl/de-AT/p218-mens-silk-pajama-set","/intl/de-AT/p219-mens-silk-pajama-set","301","auto","Master product sequence and localized canonical-path alignment","no","no","2026-08-08"
"supabase-legacy-route","/intl/de-AT/p219-mens-night-suit","/intl/de-AT/p220-mens-night-suit","301","auto","Master product sequence and localized canonical-path alignment","no","no","2026-08-08"
"supabase-legacy-route","/intl/de-AT/p220-mens-sleep-t-shirt","/intl/de-AT/p221-mens-sleep-t-shirt","301","auto","Master product sequence and localized canonical-path alignment","no","no","2026-08-08"
"supabase-legacy-route","/intl/de-AT/p221-mens-sleep-pants","/intl/de-AT/p222-mens-sleep-pants","301","auto","Master product sequence and localized canonical-path alignment","no","no","2026-08-08"
"supabase-legacy-route","/intl/de-AT/p222-mens-lounge-set","/intl/de-AT/p223-mens-lounge-set","301","auto","Master product sequence and localized canonical-path alignment","no","no","2026-08-08"
"supabase-legacy-route","/intl/de-AT/p223-mens-sleep-robe","/intl/de-AT/p224-mens-sleep-robe","301","auto","Master product sequence and localized canonical-path alignment","no","no","2026-08-08"
"supabase-legacy-route","/intl/de-AT/p224-mens-thermal-sleep-set","/intl/de-AT/p225-mens-thermal-sleep-set","301","auto","Master product sequence and localized canonical-path alignment","no","no","2026-08-08"
"supabase-legacy-route","/intl/de-AT/p225-womens-cotton-pajama-set","/intl/de-AT/p226-womens-cotton-pajama-set","301","auto","Master product sequence and localized canonical-path alignment","no","no","2026-08-08"
"supabase-legacy-route","/intl/de-AT/p226-womens-satin-pajama-set","/intl/de-AT/p227-womens-satin-pajama-set","301","auto","Master product sequence and localized canonical-path alignment","no","no","2026-08-08"
"supabase-legacy-route","/intl/de-AT/p227-womens-silk-pajama-set","/intl/de-AT/p228-womens-silk-pajama-set","301","auto","Master product sequence and localized canonical-path alignment","no","no","2026-08-08"
"supabase-legacy-route","/intl/de-AT/p228-womens-flannel-pajama-set","/intl/de-AT/p229-womens-flannel-pajama-set","301","auto","Master product sequence and localized canonical-path alignment","no","no","2026-08-08"
"supabase-legacy-route","/intl/de-AT/p229-womens-modal-pajama-set","/intl/de-AT/p230-womens-modal-pajama-set","301","auto","Master product sequence and localized canonical-path alignment","no","no","2026-08-08"
"supabase-legacy-route","/intl/de-AT/p230-womens-nightgown","/intl/de-AT/p231-womens-nightgown","301","auto","Master product sequence and localized canonical-path alignment","no","no","2026-08-08"
"supabase-legacy-route","/intl/de-AT/p231-womens-sleep-shirt","/intl/de-AT/p232-womens-sleep-shirt","301","auto","Master product sequence and localized canonical-path alignment","no","no","2026-08-08"
"supabase-legacy-route","/intl/de-AT/p232-womens-oversized-sleep-t-shirt","/intl/de-AT/p233-womens-oversized-sleep-t-shirt","301","auto","Master product sequence and localized canonical-path alignment","no","no","2026-08-08"
"supabase-legacy-route","/intl/de-AT/p233-womens-camisole-short-set","/intl/de-AT/p234-womens-camisole-short-set","301","auto","Master product sequence and localized canonical-path alignment","no","no","2026-08-08"
"supabase-legacy-route","/intl/de-AT/p234-womens-long-lounge-set","/intl/de-AT/p235-womens-long-lounge-set","301","auto","Master product sequence and localized canonical-path alignment","no","no","2026-08-08"
"supabase-legacy-route","/intl/de-AT/p235-womens-satin-robe","/intl/de-AT/p236-womens-satin-robe","301","auto","Master product sequence and localized canonical-path alignment","no","no","2026-08-08"
"supabase-legacy-route","/intl/de-AT/p236-womens-plush-robe","/intl/de-AT/p237-womens-plush-robe","301","auto","Master product sequence and localized canonical-path alignment","no","no","2026-08-08"
"supabase-legacy-route","/intl/de-AT/p237-womens-lace-trim-night-dress","/intl/de-AT/p238-womens-lace-trim-night-dress","301","auto","Master product sequence and localized canonical-path alignment","no","no","2026-08-08"
"supabase-legacy-route","/intl/de-AT/p238-womens-button-down-sleep-set","/intl/de-AT/p239-womens-button-down-sleep-set","301","auto","Master product sequence and localized canonical-path alignment","no","no","2026-08-08"
"supabase-legacy-route","/intl/de-AT/p239-womens-thermal-sleep-set","/intl/de-AT/p240-womens-thermal-sleep-set","301","auto","Master product sequence and localized canonical-path alignment","no","no","2026-08-08"
"supabase-legacy-route","/intl/de-AT/p240-boys-pajama-set","/intl/de-AT/p241-boys-pajama-set","301","auto","Master product sequence and localized canonical-path alignment","no","no","2026-08-08"
"supabase-legacy-route","/intl/de-AT/p241-girls-pajama-set","/intl/de-AT/p242-girls-pajama-set","301","auto","Master product sequence and localized canonical-path alignment","no","no","2026-08-08"
"supabase-legacy-route","/intl/de-AT/p242-kids-printed-pajama-set","/intl/de-AT/p243-kids-printed-pajama-set","301","auto","Master product sequence and localized canonical-path alignment","no","no","2026-08-08"
"supabase-legacy-route","/intl/de-AT/p243-kids-flannel-pajama-set","/intl/de-AT/p244-kids-flannel-pajama-set","301","auto","Master product sequence and localized canonical-path alignment","no","no","2026-08-08"
"supabase-legacy-route","/intl/de-AT/p244-kids-fleece-sleep-set","/intl/de-AT/p245-kids-fleece-sleep-set","301","auto","Master product sequence and localized canonical-path alignment","no","no","2026-08-08"
"supabase-legacy-route","/intl/de-AT/p245-kids-onesie","/intl/de-AT/p246-kids-onesie","301","auto","Master product sequence and localized canonical-path alignment","no","no","2026-08-08"
"supabase-legacy-route","/intl/de-AT/p246-kids-sleep-robe","/intl/de-AT/p247-kids-sleep-robe","301","auto","Master product sequence and localized canonical-path alignment","no","no","2026-08-08"
"supabase-legacy-route","/intl/de-AT/p247-kids-thermal-sleep-set","/intl/de-AT/p248-kids-thermal-sleep-set","301","auto","Master product sequence and localized canonical-path alignment","no","no","2026-08-08"
"supabase-legacy-route","/intl/de-AT/p248-hotel-bathrobe","/intl/de-AT/p249-hotel-bathrobe","301","auto","Master product sequence and localized canonical-path alignment","no","no","2026-08-08"
"supabase-legacy-route","/intl/de-AT/p249-spa-robe","/intl/de-AT/p250-spa-robe","301","auto","Master product sequence and localized canonical-path alignment","no","no","2026-08-08"
"supabase-legacy-route","/intl/de-AT/p250-waffle-robe","/intl/de-AT/p251-waffle-robe","301","auto","Master product sequence and localized canonical-path alignment","no","no","2026-08-08"
"supabase-legacy-route","/intl/de-AT/p251-luxury-guest-sleepwear-set","/intl/de-AT/p252-luxury-guest-sleepwear-set","301","auto","Master product sequence and localized canonical-path alignment","no","no","2026-08-08"
"supabase-legacy-route","/intl/de-AT/p252-hospitality-slipper-set","/intl/de-AT/p253-hospitality-slipper-set","301","auto","Master product sequence and localized canonical-path alignment","no","no","2026-08-08"
"supabase-legacy-route","/intl/de-AT/p253-hotel-pajama-set","/intl/de-AT/p254-hotel-pajama-set","301","auto","Master product sequence and localized canonical-path alignment","no","no","2026-08-08"
"supabase-legacy-route","/intl/de-AT/p254-resort-lounge-set","/intl/de-AT/p255-resort-lounge-set","301","auto","Master product sequence and localized canonical-path alignment","no","no","2026-08-08"
"supabase-legacy-route","/intl/de-CH/p135-oversized-t-shirt","/intl/de-CH/p136-oversized-t-shirt","301","auto","Master product sequence and localized canonical-path alignment","no","no","2026-08-08"
"supabase-legacy-route","/intl/de-CH/p136-heavyweight-t-shirt","/intl/de-CH/p137-heavyweight-t-shirt","301","auto","Master product sequence and localized canonical-path alignment","no","no","2026-08-08"
"supabase-legacy-route","/intl/de-CH/p137-long-sleeve-t-shirt","/intl/de-CH/p138-long-sleeve-t-shirt","301","auto","Master product sequence and localized canonical-path alignment","no","no","2026-08-08"
"supabase-legacy-route","/intl/de-CH/p138-graphic-t-shirt","/intl/de-CH/p139-graphic-t-shirt","301","auto","Master product sequence and localized canonical-path alignment","no","no","2026-08-08"
"supabase-legacy-route","/intl/de-CH/p139-oversized-pullover-hoodie","/intl/de-CH/p140-oversized-pullover-hoodie","301","auto","Master product sequence and localized canonical-path alignment","no","no","2026-08-08"
"supabase-legacy-route","/intl/de-CH/p140-premium-zip-hoodie","/intl/de-CH/p141-premium-zip-hoodie","301","auto","Master product sequence and localized canonical-path alignment","no","no","2026-08-08"
"supabase-legacy-route","/intl/de-CH/p141-cropped-hoodie","/intl/de-CH/p142-cropped-hoodie","301","auto","Master product sequence and localized canonical-path alignment","no","no","2026-08-08"
"supabase-legacy-route","/intl/de-CH/p142-heavyweight-sweatshirt","/intl/de-CH/p143-heavyweight-sweatshirt","301","auto","Master product sequence and localized canonical-path alignment","no","no","2026-08-08"
"supabase-legacy-route","/intl/de-CH/p143-crewneck-sweatshirt","/intl/de-CH/p144-crewneck-sweatshirt","301","auto","Master product sequence and localized canonical-path alignment","no","no","2026-08-08"
"supabase-legacy-route","/intl/de-CH/p144-premium-polo-shirt","/intl/de-CH/p145-streetwear-premium-polo-shirt","301","auto","Master product sequence and localized canonical-path alignment","no","no","2026-08-08"
"supabase-legacy-route","/intl/de-CH/p145-streetwear-shirt","/intl/de-CH/p146-streetwear-shirt","301","auto","Master product sequence and localized canonical-path alignment","no","no","2026-08-08"
"supabase-legacy-route","/intl/de-CH/p146-overshirt","/intl/de-CH/p147-overshirt","301","auto","Master product sequence and localized canonical-path alignment","no","no","2026-08-08"
"supabase-legacy-route","/intl/de-CH/p147-varsity-jacket","/intl/de-CH/p148-varsity-jacket","301","auto","Master product sequence and localized canonical-path alignment","no","no","2026-08-08"
"supabase-legacy-route","/intl/de-CH/p148-coach-jacket","/intl/de-CH/p149-coach-jacket","301","auto","Master product sequence and localized canonical-path alignment","no","no","2026-08-08"
"supabase-legacy-route","/intl/de-CH/p149-streetwear-bomber-jacket","/intl/de-CH/p150-streetwear-bomber-jacket","301","auto","Master product sequence and localized canonical-path alignment","no","no","2026-08-08"
"supabase-legacy-route","/intl/de-CH/p150-puffer-jacket","/intl/de-CH/p151-puffer-jacket","301","auto","Master product sequence and localized canonical-path alignment","no","no","2026-08-08"
"supabase-legacy-route","/intl/de-CH/p151-windbreaker-jacket","/intl/de-CH/p152-windbreaker-jacket","301","auto","Master product sequence and localized canonical-path alignment","no","no","2026-08-08"
"supabase-legacy-route","/intl/de-CH/p152-utility-jacket","/intl/de-CH/p153-utility-jacket","301","auto","Master product sequence and localized canonical-path alignment","no","no","2026-08-08"
"supabase-legacy-route","/intl/de-CH/p153-sherpa-jacket","/intl/de-CH/p154-sherpa-jacket","301","auto","Master product sequence and localized canonical-path alignment","no","no","2026-08-08"
"supabase-legacy-route","/intl/de-CH/p154-technical-shell-jacket","/intl/de-CH/p155-technical-shell-jacket","301","auto","Master product sequence and localized canonical-path alignment","no","no","2026-08-08"
"supabase-legacy-route","/intl/de-CH/p155-cargo-pants","/intl/de-CH/p156-cargo-pants","301","auto","Master product sequence and localized canonical-path alignment","no","no","2026-08-08"
"supabase-legacy-route","/intl/de-CH/p156-parachute-pants","/intl/de-CH/p157-parachute-pants","301","auto","Master product sequence and localized canonical-path alignment","no","no","2026-08-08"
"supabase-legacy-route","/intl/de-CH/p157-jogger-pants","/intl/de-CH/p158-jogger-pants","301","auto","Master product sequence and localized canonical-path alignment","no","no","2026-08-08"
"supabase-legacy-route","/intl/de-CH/p158-sweatpants","/intl/de-CH/p159-sweatpants","301","auto","Master product sequence and localized canonical-path alignment","no","no","2026-08-08"
"supabase-legacy-route","/intl/de-CH/p159-wide-leg-pants","/intl/de-CH/p160-wide-leg-pants","301","auto","Master product sequence and localized canonical-path alignment","no","no","2026-08-08"
"supabase-legacy-route","/intl/de-CH/p160-cargo-shorts","/intl/de-CH/p161-cargo-shorts","301","auto","Master product sequence and localized canonical-path alignment","no","no","2026-08-08"
"supabase-legacy-route","/intl/de-CH/p161-sweat-shorts","/intl/de-CH/p162-sweat-shorts","301","auto","Master product sequence and localized canonical-path alignment","no","no","2026-08-08"
"supabase-legacy-route","/intl/de-CH/p162-tech-fleece-tracksuit","/intl/de-CH/p163-tech-fleece-tracksuit","301","auto","Master product sequence and localized canonical-path alignment","no","no","2026-08-08"
"supabase-legacy-route","/intl/de-CH/p163-track-pants","/intl/de-CH/p164-track-pants","301","auto","Master product sequence and localized canonical-path alignment","no","no","2026-08-08"
"supabase-legacy-route","/intl/de-CH/p164-utility-shorts","/intl/de-CH/p165-utility-shorts","301","auto","Master product sequence and localized canonical-path alignment","no","no","2026-08-08"
"supabase-legacy-route","/intl/de-CH/p165-oversized-hoodie-jogger-set","/intl/de-CH/p166-oversized-hoodie-jogger-set","301","auto","Master product sequence and localized canonical-path alignment","no","no","2026-08-08"
"supabase-legacy-route","/intl/de-CH/p166-zip-hoodie-jogger-set","/intl/de-CH/p167-zip-hoodie-jogger-set","301","auto","Master product sequence and localized canonical-path alignment","no","no","2026-08-08"
"supabase-legacy-route","/intl/de-CH/p167-sweatshirt-jogger-set","/intl/de-CH/p168-sweatshirt-jogger-set","301","auto","Master product sequence and localized canonical-path alignment","no","no","2026-08-08"
"supabase-legacy-route","/intl/de-CH/p168-streetwear-tracksuit","/intl/de-CH/p169-streetwear-tracksuit","301","auto","Master product sequence and localized canonical-path alignment","no","no","2026-08-08"
"supabase-legacy-route","/intl/de-CH/p169-cargo-tracksuit","/intl/de-CH/p170-cargo-tracksuit","301","auto","Master product sequence and localized canonical-path alignment","no","no","2026-08-08"
"supabase-legacy-route","/intl/de-CH/p170-techwear-set","/intl/de-CH/p171-techwear-set","301","auto","Master product sequence and localized canonical-path alignment","no","no","2026-08-08"
"supabase-legacy-route","/intl/de-CH/p171-summer-t-shirt-shorts-set","/intl/de-CH/p172-summer-t-shirt-shorts-set","301","auto","Master product sequence and localized canonical-path alignment","no","no","2026-08-08"
"supabase-legacy-route","/intl/de-CH/p172-womens-oversized-t-shirt","/intl/de-CH/p173-womens-oversized-t-shirt","301","auto","Master product sequence and localized canonical-path alignment","no","no","2026-08-08"
"supabase-legacy-route","/intl/de-CH/p173-womens-cropped-t-shirt","/intl/de-CH/p174-womens-cropped-t-shirt","301","auto","Master product sequence and localized canonical-path alignment","no","no","2026-08-08"
"supabase-legacy-route","/intl/de-CH/p174-womens-oversized-hoodie","/intl/de-CH/p175-womens-oversized-hoodie","301","auto","Master product sequence and localized canonical-path alignment","no","no","2026-08-08"
"supabase-legacy-route","/intl/de-CH/p175-womens-cargo-pants","/intl/de-CH/p176-womens-cargo-pants","301","auto","Master product sequence and localized canonical-path alignment","no","no","2026-08-08"
"supabase-legacy-route","/intl/de-CH/p176-womens-parachute-pants","/intl/de-CH/p177-womens-parachute-pants","301","auto","Master product sequence and localized canonical-path alignment","no","no","2026-08-08"
"supabase-legacy-route","/intl/de-CH/p177-womens-cropped-hoodie","/intl/de-CH/p178-womens-cropped-hoodie","301","auto","Master product sequence and localized canonical-path alignment","no","no","2026-08-08"
"supabase-legacy-route","/intl/de-CH/p178-womens-cargo-shorts","/intl/de-CH/p179-womens-cargo-shorts","301","auto","Master product sequence and localized canonical-path alignment","no","no","2026-08-08"
"supabase-legacy-route","/intl/de-CH/p179-womens-streetwear-tracksuit","/intl/de-CH/p180-womens-streetwear-tracksuit","301","auto","Master product sequence and localized canonical-path alignment","no","no","2026-08-08"
"supabase-legacy-route","/intl/de-CH/p180-casual-button-up-shirt","/intl/de-CH/p181-casual-button-up-shirt","301","auto","Master product sequence and localized canonical-path alignment","no","no","2026-08-08"
"supabase-legacy-route","/intl/de-CH/p181-essential-crewneck-t-shirt","/intl/de-CH/p182-essential-crewneck-t-shirt","301","auto","Master product sequence and localized canonical-path alignment","no","no","2026-08-08"
"supabase-legacy-route","/intl/de-CH/p182-essential-v-neck-t-shirt","/intl/de-CH/p183-essential-v-neck-t-shirt","301","auto","Master product sequence and localized canonical-path alignment","no","no","2026-08-08"
"supabase-legacy-route","/intl/de-CH/p183-henley-short-sleeve-shirt","/intl/de-CH/p184-henley-short-sleeve-shirt","301","auto","Master product sequence and localized canonical-path alignment","no","no","2026-08-08"
"supabase-legacy-route","/intl/de-CH/p184-henley-long-sleeve-shirt","/intl/de-CH/p185-henley-long-sleeve-shirt","301","auto","Master product sequence and localized canonical-path alignment","no","no","2026-08-08"
"supabase-legacy-route","/intl/de-CH/p185-premium-polo-shirt","/intl/de-CH/p186-mens-premium-polo-shirt","301","auto","Master product sequence and localized canonical-path alignment","no","no","2026-08-08"
"supabase-legacy-route","/intl/de-CH/p186-cotton-chino-shorts","/intl/de-CH/p187-cotton-chino-shorts","301","auto","Master product sequence and localized canonical-path alignment","no","no","2026-08-08"
"supabase-legacy-route","/intl/de-CH/p187-casual-chino-pants","/intl/de-CH/p188-casual-chino-pants","301","auto","Master product sequence and localized canonical-path alignment","no","no","2026-08-08"
"supabase-legacy-route","/intl/de-CH/p188-lounge-shorts","/intl/de-CH/p189-lounge-shorts","301","auto","Master product sequence and localized canonical-path alignment","no","no","2026-08-08"
"supabase-legacy-route","/intl/de-CH/p189-casual-jogger","/intl/de-CH/p190-casual-jogger","301","auto","Master product sequence and localized canonical-path alignment","no","no","2026-08-08"
"supabase-legacy-route","/intl/de-CH/p190-womens-relaxed-t-shirt","/intl/de-CH/p191-womens-relaxed-t-shirt","301","auto","Master product sequence and localized canonical-path alignment","no","no","2026-08-08"
"supabase-legacy-route","/intl/de-CH/p191-womens-long-sleeve-top","/intl/de-CH/p192-womens-long-sleeve-top","301","auto","Master product sequence and localized canonical-path alignment","no","no","2026-08-08"
"supabase-legacy-route","/intl/de-CH/p192-womens-casual-blouse","/intl/de-CH/p193-womens-casual-blouse","301","auto","Master product sequence and localized canonical-path alignment","no","no","2026-08-08"
"supabase-legacy-route","/intl/de-CH/p193-womens-polo-shirt","/intl/de-CH/p194-womens-polo-shirt","301","auto","Master product sequence and localized canonical-path alignment","no","no","2026-08-08"
"supabase-legacy-route","/intl/de-CH/p194-womens-lounge-pants","/intl/de-CH/p195-womens-lounge-pants","301","auto","Master product sequence and localized canonical-path alignment","no","no","2026-08-08"
"supabase-legacy-route","/intl/de-CH/p195-womens-lounge-shorts","/intl/de-CH/p196-womens-lounge-shorts","301","auto","Master product sequence and localized canonical-path alignment","no","no","2026-08-08"
"supabase-legacy-route","/intl/de-CH/p196-womens-casual-jogger","/intl/de-CH/p197-womens-casual-jogger","301","auto","Master product sequence and localized canonical-path alignment","no","no","2026-08-08"
"supabase-legacy-route","/intl/de-CH/p197-womens-relaxed-set","/intl/de-CH/p198-womens-relaxed-set","301","auto","Master product sequence and localized canonical-path alignment","no","no","2026-08-08"
"supabase-legacy-route","/intl/de-CH/p198-womens-lightwear-cardigan","/intl/de-CH/p199-womens-lightwear-cardigan","301","auto","Master product sequence and localized canonical-path alignment","no","no","2026-08-08"
"supabase-legacy-route","/intl/de-CH/p199-womens-casual-zip-jacket","/intl/de-CH/p200-womens-casual-zip-jacket","301","auto","Master product sequence and localized canonical-path alignment","no","no","2026-08-08"
"supabase-legacy-route","/intl/de-CH/p200-unisex-crewneck-t-shirt","/intl/de-CH/p201-unisex-crewneck-t-shirt","301","auto","Master product sequence and localized canonical-path alignment","no","no","2026-08-08"
"supabase-legacy-route","/intl/de-CH/p201-unisex-pullover-sweatshirt","/intl/de-CH/p202-unisex-pullover-sweatshirt","301","auto","Master product sequence and localized canonical-path alignment","no","no","2026-08-08"
"supabase-legacy-route","/intl/de-CH/p202-unisex-zip-sweatshirt","/intl/de-CH/p203-unisex-zip-sweatshirt","301","auto","Master product sequence and localized canonical-path alignment","no","no","2026-08-08"
"supabase-legacy-route","/intl/de-CH/p203-unisex-lightweight-hoodie","/intl/de-CH/p204-unisex-lightweight-hoodie","301","auto","Master product sequence and localized canonical-path alignment","no","no","2026-08-08"
"supabase-legacy-route","/intl/de-CH/p204-unisex-lounge-set","/intl/de-CH/p205-unisex-lounge-set","301","auto","Master product sequence and localized canonical-path alignment","no","no","2026-08-08"
"supabase-legacy-route","/intl/de-CH/p205-unisex-fleece-jacket","/intl/de-CH/p206-unisex-fleece-jacket","301","auto","Master product sequence and localized canonical-path alignment","no","no","2026-08-08"
"supabase-legacy-route","/intl/de-CH/p206-unisex-casual-tracksuit","/intl/de-CH/p207-unisex-casual-tracksuit","301","auto","Master product sequence and localized canonical-path alignment","no","no","2026-08-08"
"supabase-legacy-route","/intl/de-CH/p207-unisex-oversized-t-shirt","/intl/de-CH/p208-unisex-oversized-t-shirt","301","auto","Master product sequence and localized canonical-path alignment","no","no","2026-08-08"
"supabase-legacy-route","/intl/de-CH/p208-kids-basic-t-shirt","/intl/de-CH/p209-kids-basic-t-shirt","301","auto","Master product sequence and localized canonical-path alignment","no","no","2026-08-08"
"supabase-legacy-route","/intl/de-CH/p209-kids-polo-shirt","/intl/de-CH/p210-kids-polo-shirt","301","auto","Master product sequence and localized canonical-path alignment","no","no","2026-08-08"
"supabase-legacy-route","/intl/de-CH/p210-kids-hoodie","/intl/de-CH/p211-kids-hoodie","301","auto","Master product sequence and localized canonical-path alignment","no","no","2026-08-08"
"supabase-legacy-route","/intl/de-CH/p211-kids-sweatshirt","/intl/de-CH/p212-kids-sweatshirt","301","auto","Master product sequence and localized canonical-path alignment","no","no","2026-08-08"
"supabase-legacy-route","/intl/de-CH/p212-kids-jogger","/intl/de-CH/p213-kids-jogger","301","auto","Master product sequence and localized canonical-path alignment","no","no","2026-08-08"
"supabase-legacy-route","/intl/de-CH/p213-kids-lounge-set","/intl/de-CH/p214-kids-lounge-set","301","auto","Master product sequence and localized canonical-path alignment","no","no","2026-08-08"
"supabase-legacy-route","/intl/de-CH/p214-kids-casual-tracksuit","/intl/de-CH/p215-kids-casual-tracksuit","301","auto","Master product sequence and localized canonical-path alignment","no","no","2026-08-08"
"supabase-legacy-route","/intl/de-CH/p215-mens-cotton-pajama-set","/intl/de-CH/p216-mens-cotton-pajama-set","301","auto","Master product sequence and localized canonical-path alignment","no","no","2026-08-08"
"supabase-legacy-route","/intl/de-CH/p216-mens-flannel-pajama-set","/intl/de-CH/p217-mens-flannel-pajama-set","301","auto","Master product sequence and localized canonical-path alignment","no","no","2026-08-08"
"supabase-legacy-route","/intl/de-CH/p217-mens-satin-pajama-set","/intl/de-CH/p218-mens-satin-pajama-set","301","auto","Master product sequence and localized canonical-path alignment","no","no","2026-08-08"
"supabase-legacy-route","/intl/de-CH/p218-mens-silk-pajama-set","/intl/de-CH/p219-mens-silk-pajama-set","301","auto","Master product sequence and localized canonical-path alignment","no","no","2026-08-08"
"supabase-legacy-route","/intl/de-CH/p219-mens-night-suit","/intl/de-CH/p220-mens-night-suit","301","auto","Master product sequence and localized canonical-path alignment","no","no","2026-08-08"
"supabase-legacy-route","/intl/de-CH/p220-mens-sleep-t-shirt","/intl/de-CH/p221-mens-sleep-t-shirt","301","auto","Master product sequence and localized canonical-path alignment","no","no","2026-08-08"
"supabase-legacy-route","/intl/de-CH/p221-mens-sleep-pants","/intl/de-CH/p222-mens-sleep-pants","301","auto","Master product sequence and localized canonical-path alignment","no","no","2026-08-08"
"supabase-legacy-route","/intl/de-CH/p222-mens-lounge-set","/intl/de-CH/p223-mens-lounge-set","301","auto","Master product sequence and localized canonical-path alignment","no","no","2026-08-08"
"supabase-legacy-route","/intl/de-CH/p223-mens-sleep-robe","/intl/de-CH/p224-mens-sleep-robe","301","auto","Master product sequence and localized canonical-path alignment","no","no","2026-08-08"
"supabase-legacy-route","/intl/de-CH/p224-mens-thermal-sleep-set","/intl/de-CH/p225-mens-thermal-sleep-set","301","auto","Master product sequence and localized canonical-path alignment","no","no","2026-08-08"
"supabase-legacy-route","/intl/de-CH/p225-womens-cotton-pajama-set","/intl/de-CH/p226-womens-cotton-pajama-set","301","auto","Master product sequence and localized canonical-path alignment","no","no","2026-08-08"
"supabase-legacy-route","/intl/de-CH/p226-womens-satin-pajama-set","/intl/de-CH/p227-womens-satin-pajama-set","301","auto","Master product sequence and localized canonical-path alignment","no","no","2026-08-08"
"supabase-legacy-route","/intl/de-CH/p227-womens-silk-pajama-set","/intl/de-CH/p228-womens-silk-pajama-set","301","auto","Master product sequence and localized canonical-path alignment","no","no","2026-08-08"
"supabase-legacy-route","/intl/de-CH/p228-womens-flannel-pajama-set","/intl/de-CH/p229-womens-flannel-pajama-set","301","auto","Master product sequence and localized canonical-path alignment","no","no","2026-08-08"
"supabase-legacy-route","/intl/de-CH/p229-womens-modal-pajama-set","/intl/de-CH/p230-womens-modal-pajama-set","301","auto","Master product sequence and localized canonical-path alignment","no","no","2026-08-08"
"supabase-legacy-route","/intl/de-CH/p230-womens-nightgown","/intl/de-CH/p231-womens-nightgown","301","auto","Master product sequence and localized canonical-path alignment","no","no","2026-08-08"
"supabase-legacy-route","/intl/de-CH/p231-womens-sleep-shirt","/intl/de-CH/p232-womens-sleep-shirt","301","auto","Master product sequence and localized canonical-path alignment","no","no","2026-08-08"
"supabase-legacy-route","/intl/de-CH/p232-womens-oversized-sleep-t-shirt","/intl/de-CH/p233-womens-oversized-sleep-t-shirt","301","auto","Master product sequence and localized canonical-path alignment","no","no","2026-08-08"
"supabase-legacy-route","/intl/de-CH/p233-womens-camisole-short-set","/intl/de-CH/p234-womens-camisole-short-set","301","auto","Master product sequence and localized canonical-path alignment","no","no","2026-08-08"
"supabase-legacy-route","/intl/de-CH/p234-womens-long-lounge-set","/intl/de-CH/p235-womens-long-lounge-set","301","auto","Master product sequence and localized canonical-path alignment","no","no","2026-08-08"
"supabase-legacy-route","/intl/de-CH/p235-womens-satin-robe","/intl/de-CH/p236-womens-satin-robe","301","auto","Master product sequence and localized canonical-path alignment","no","no","2026-08-08"
"supabase-legacy-route","/intl/de-CH/p236-womens-plush-robe","/intl/de-CH/p237-womens-plush-robe","301","auto","Master product sequence and localized canonical-path alignment","no","no","2026-08-08"
"supabase-legacy-route","/intl/de-CH/p237-womens-lace-trim-night-dress","/intl/de-CH/p238-womens-lace-trim-night-dress","301","auto","Master product sequence and localized canonical-path alignment","no","no","2026-08-08"
"supabase-legacy-route","/intl/de-CH/p238-womens-button-down-sleep-set","/intl/de-CH/p239-womens-button-down-sleep-set","301","auto","Master product sequence and localized canonical-path alignment","no","no","2026-08-08"
"supabase-legacy-route","/intl/de-CH/p239-womens-thermal-sleep-set","/intl/de-CH/p240-womens-thermal-sleep-set","301","auto","Master product sequence and localized canonical-path alignment","no","no","2026-08-08"
"supabase-legacy-route","/intl/de-CH/p240-boys-pajama-set","/intl/de-CH/p241-boys-pajama-set","301","auto","Master product sequence and localized canonical-path alignment","no","no","2026-08-08"
"supabase-legacy-route","/intl/de-CH/p241-girls-pajama-set","/intl/de-CH/p242-girls-pajama-set","301","auto","Master product sequence and localized canonical-path alignment","no","no","2026-08-08"
"supabase-legacy-route","/intl/de-CH/p242-kids-printed-pajama-set","/intl/de-CH/p243-kids-printed-pajama-set","301","auto","Master product sequence and localized canonical-path alignment","no","no","2026-08-08"
"supabase-legacy-route","/intl/de-CH/p243-kids-flannel-pajama-set","/intl/de-CH/p244-kids-flannel-pajama-set","301","auto","Master product sequence and localized canonical-path alignment","no","no","2026-08-08"
"supabase-legacy-route","/intl/de-CH/p244-kids-fleece-sleep-set","/intl/de-CH/p245-kids-fleece-sleep-set","301","auto","Master product sequence and localized canonical-path alignment","no","no","2026-08-08"
"supabase-legacy-route","/intl/de-CH/p245-kids-onesie","/intl/de-CH/p246-kids-onesie","301","auto","Master product sequence and localized canonical-path alignment","no","no","2026-08-08"
"supabase-legacy-route","/intl/de-CH/p246-kids-sleep-robe","/intl/de-CH/p247-kids-sleep-robe","301","auto","Master product sequence and localized canonical-path alignment","no","no","2026-08-08"
"supabase-legacy-route","/intl/de-CH/p247-kids-thermal-sleep-set","/intl/de-CH/p248-kids-thermal-sleep-set","301","auto","Master product sequence and localized canonical-path alignment","no","no","2026-08-08"
"supabase-legacy-route","/intl/de-CH/p248-hotel-bathrobe","/intl/de-CH/p249-hotel-bathrobe","301","auto","Master product sequence and localized canonical-path alignment","no","no","2026-08-08"
"supabase-legacy-route","/intl/de-CH/p249-spa-robe","/intl/de-CH/p250-spa-robe","301","auto","Master product sequence and localized canonical-path alignment","no","no","2026-08-08"
"supabase-legacy-route","/intl/de-CH/p250-waffle-robe","/intl/de-CH/p251-waffle-robe","301","auto","Master product sequence and localized canonical-path alignment","no","no","2026-08-08"
"supabase-legacy-route","/intl/de-CH/p251-luxury-guest-sleepwear-set","/intl/de-CH/p252-luxury-guest-sleepwear-set","301","auto","Master product sequence and localized canonical-path alignment","no","no","2026-08-08"
"supabase-legacy-route","/intl/de-CH/p252-hospitality-slipper-set","/intl/de-CH/p253-hospitality-slipper-set","301","auto","Master product sequence and localized canonical-path alignment","no","no","2026-08-08"
"supabase-legacy-route","/intl/de-CH/p253-hotel-pajama-set","/intl/de-CH/p254-hotel-pajama-set","301","auto","Master product sequence and localized canonical-path alignment","no","no","2026-08-08"
"supabase-legacy-route","/intl/de-CH/p254-resort-lounge-set","/intl/de-CH/p255-resort-lounge-set","301","auto","Master product sequence and localized canonical-path alignment","no","no","2026-08-08"
"supabase-legacy-route","/intl/de-DE/p135-oversized-t-shirt","/intl/de-DE/p136-oversized-t-shirt","301","auto","Master product sequence and localized canonical-path alignment","no","no","2026-08-08"
"supabase-legacy-route","/intl/de-DE/p136-heavyweight-t-shirt","/intl/de-DE/p137-heavyweight-t-shirt","301","auto","Master product sequence and localized canonical-path alignment","no","no","2026-08-08"
"supabase-legacy-route","/intl/de-DE/p137-long-sleeve-t-shirt","/intl/de-DE/p138-long-sleeve-t-shirt","301","auto","Master product sequence and localized canonical-path alignment","no","no","2026-08-08"
"supabase-legacy-route","/intl/de-DE/p138-graphic-t-shirt","/intl/de-DE/p139-graphic-t-shirt","301","auto","Master product sequence and localized canonical-path alignment","no","no","2026-08-08"
"supabase-legacy-route","/intl/de-DE/p139-oversized-pullover-hoodie","/intl/de-DE/p140-oversized-pullover-hoodie","301","auto","Master product sequence and localized canonical-path alignment","no","no","2026-08-08"
"supabase-legacy-route","/intl/de-DE/p140-premium-zip-hoodie","/intl/de-DE/p141-premium-zip-hoodie","301","auto","Master product sequence and localized canonical-path alignment","no","no","2026-08-08"
"supabase-legacy-route","/intl/de-DE/p141-cropped-hoodie","/intl/de-DE/p142-cropped-hoodie","301","auto","Master product sequence and localized canonical-path alignment","no","no","2026-08-08"
"supabase-legacy-route","/intl/de-DE/p142-heavyweight-sweatshirt","/intl/de-DE/p143-heavyweight-sweatshirt","301","auto","Master product sequence and localized canonical-path alignment","no","no","2026-08-08"
"supabase-legacy-route","/intl/de-DE/p143-crewneck-sweatshirt","/intl/de-DE/p144-crewneck-sweatshirt","301","auto","Master product sequence and localized canonical-path alignment","no","no","2026-08-08"
"supabase-legacy-route","/intl/de-DE/p144-premium-polo-shirt","/intl/de-DE/p145-streetwear-premium-polo-shirt","301","auto","Master product sequence and localized canonical-path alignment","no","no","2026-08-08"
"supabase-legacy-route","/intl/de-DE/p145-streetwear-shirt","/intl/de-DE/p146-streetwear-shirt","301","auto","Master product sequence and localized canonical-path alignment","no","no","2026-08-08"
"supabase-legacy-route","/intl/de-DE/p146-overshirt","/intl/de-DE/p147-overshirt","301","auto","Master product sequence and localized canonical-path alignment","no","no","2026-08-08"
"supabase-legacy-route","/intl/de-DE/p147-varsity-jacket","/intl/de-DE/p148-varsity-jacket","301","auto","Master product sequence and localized canonical-path alignment","no","no","2026-08-08"
"supabase-legacy-route","/intl/de-DE/p148-coach-jacket","/intl/de-DE/p149-coach-jacket","301","auto","Master product sequence and localized canonical-path alignment","no","no","2026-08-08"
"supabase-legacy-route","/intl/de-DE/p149-streetwear-bomber-jacket","/intl/de-DE/p150-streetwear-bomber-jacket","301","auto","Master product sequence and localized canonical-path alignment","no","no","2026-08-08"
"supabase-legacy-route","/intl/de-DE/p150-puffer-jacket","/intl/de-DE/p151-puffer-jacket","301","auto","Master product sequence and localized canonical-path alignment","no","no","2026-08-08"
"supabase-legacy-route","/intl/de-DE/p151-windbreaker-jacket","/intl/de-DE/p152-windbreaker-jacket","301","auto","Master product sequence and localized canonical-path alignment","no","no","2026-08-08"
"supabase-legacy-route","/intl/de-DE/p152-utility-jacket","/intl/de-DE/p153-utility-jacket","301","auto","Master product sequence and localized canonical-path alignment","no","no","2026-08-08"
"supabase-legacy-route","/intl/de-DE/p153-sherpa-jacket","/intl/de-DE/p154-sherpa-jacket","301","auto","Master product sequence and localized canonical-path alignment","no","no","2026-08-08"
"supabase-legacy-route","/intl/de-DE/p154-technical-shell-jacket","/intl/de-DE/p155-technical-shell-jacket","301","auto","Master product sequence and localized canonical-path alignment","no","no","2026-08-08"
"supabase-legacy-route","/intl/de-DE/p155-cargo-pants","/intl/de-DE/p156-cargo-pants","301","auto","Master product sequence and localized canonical-path alignment","no","no","2026-08-08"
"supabase-legacy-route","/intl/de-DE/p156-parachute-pants","/intl/de-DE/p157-parachute-pants","301","auto","Master product sequence and localized canonical-path alignment","no","no","2026-08-08"
"supabase-legacy-route","/intl/de-DE/p157-jogger-pants","/intl/de-DE/p158-jogger-pants","301","auto","Master product sequence and localized canonical-path alignment","no","no","2026-08-08"
"supabase-legacy-route","/intl/de-DE/p158-sweatpants","/intl/de-DE/p159-sweatpants","301","auto","Master product sequence and localized canonical-path alignment","no","no","2026-08-08"
"supabase-legacy-route","/intl/de-DE/p159-wide-leg-pants","/intl/de-DE/p160-wide-leg-pants","301","auto","Master product sequence and localized canonical-path alignment","no","no","2026-08-08"
"supabase-legacy-route","/intl/de-DE/p160-cargo-shorts","/intl/de-DE/p161-cargo-shorts","301","auto","Master product sequence and localized canonical-path alignment","no","no","2026-08-08"
"supabase-legacy-route","/intl/de-DE/p161-sweat-shorts","/intl/de-DE/p162-sweat-shorts","301","auto","Master product sequence and localized canonical-path alignment","no","no","2026-08-08"
"supabase-legacy-route","/intl/de-DE/p162-tech-fleece-tracksuit","/intl/de-DE/p163-tech-fleece-tracksuit","301","auto","Master product sequence and localized canonical-path alignment","no","no","2026-08-08"
"supabase-legacy-route","/intl/de-DE/p163-track-pants","/intl/de-DE/p164-track-pants","301","auto","Master product sequence and localized canonical-path alignment","no","no","2026-08-08"
"supabase-legacy-route","/intl/de-DE/p164-utility-shorts","/intl/de-DE/p165-utility-shorts","301","auto","Master product sequence and localized canonical-path alignment","no","no","2026-08-08"
"supabase-legacy-route","/intl/de-DE/p165-oversized-hoodie-jogger-set","/intl/de-DE/p166-oversized-hoodie-jogger-set","301","auto","Master product sequence and localized canonical-path alignment","no","no","2026-08-08"
"supabase-legacy-route","/intl/de-DE/p166-zip-hoodie-jogger-set","/intl/de-DE/p167-zip-hoodie-jogger-set","301","auto","Master product sequence and localized canonical-path alignment","no","no","2026-08-08"
"supabase-legacy-route","/intl/de-DE/p167-sweatshirt-jogger-set","/intl/de-DE/p168-sweatshirt-jogger-set","301","auto","Master product sequence and localized canonical-path alignment","no","no","2026-08-08"
"supabase-legacy-route","/intl/de-DE/p168-streetwear-tracksuit","/intl/de-DE/p169-streetwear-tracksuit","301","auto","Master product sequence and localized canonical-path alignment","no","no","2026-08-08"
"supabase-legacy-route","/intl/de-DE/p169-cargo-tracksuit","/intl/de-DE/p170-cargo-tracksuit","301","auto","Master product sequence and localized canonical-path alignment","no","no","2026-08-08"
"supabase-legacy-route","/intl/de-DE/p170-techwear-set","/intl/de-DE/p171-techwear-set","301","auto","Master product sequence and localized canonical-path alignment","no","no","2026-08-08"
"supabase-legacy-route","/intl/de-DE/p171-summer-t-shirt-shorts-set","/intl/de-DE/p172-summer-t-shirt-shorts-set","301","auto","Master product sequence and localized canonical-path alignment","no","no","2026-08-08"
"supabase-legacy-route","/intl/de-DE/p172-womens-oversized-t-shirt","/intl/de-DE/p173-womens-oversized-t-shirt","301","auto","Master product sequence and localized canonical-path alignment","no","no","2026-08-08"
"supabase-legacy-route","/intl/de-DE/p173-womens-cropped-t-shirt","/intl/de-DE/p174-womens-cropped-t-shirt","301","auto","Master product sequence and localized canonical-path alignment","no","no","2026-08-08"
"supabase-legacy-route","/intl/de-DE/p174-womens-oversized-hoodie","/intl/de-DE/p175-womens-oversized-hoodie","301","auto","Master product sequence and localized canonical-path alignment","no","no","2026-08-08"
"supabase-legacy-route","/intl/de-DE/p175-womens-cargo-pants","/intl/de-DE/p176-womens-cargo-pants","301","auto","Master product sequence and localized canonical-path alignment","no","no","2026-08-08"
"supabase-legacy-route","/intl/de-DE/p176-womens-parachute-pants","/intl/de-DE/p177-womens-parachute-pants","301","auto","Master product sequence and localized canonical-path alignment","no","no","2026-08-08"
"supabase-legacy-route","/intl/de-DE/p177-womens-cropped-hoodie","/intl/de-DE/p178-womens-cropped-hoodie","301","auto","Master product sequence and localized canonical-path alignment","no","no","2026-08-08"
"supabase-legacy-route","/intl/de-DE/p178-womens-cargo-shorts","/intl/de-DE/p179-womens-cargo-shorts","301","auto","Master product sequence and localized canonical-path alignment","no","no","2026-08-08"
"supabase-legacy-route","/intl/de-DE/p179-womens-streetwear-tracksuit","/intl/de-DE/p180-womens-streetwear-tracksuit","301","auto","Master product sequence and localized canonical-path alignment","no","no","2026-08-08"
"supabase-legacy-route","/intl/de-DE/p180-casual-button-up-shirt","/intl/de-DE/p181-casual-button-up-shirt","301","auto","Master product sequence and localized canonical-path alignment","no","no","2026-08-08"
"supabase-legacy-route","/intl/de-DE/p181-essential-crewneck-t-shirt","/intl/de-DE/p182-essential-crewneck-t-shirt","301","auto","Master product sequence and localized canonical-path alignment","no","no","2026-08-08"
"supabase-legacy-route","/intl/de-DE/p182-essential-v-neck-t-shirt","/intl/de-DE/p183-essential-v-neck-t-shirt","301","auto","Master product sequence and localized canonical-path alignment","no","no","2026-08-08"
"supabase-legacy-route","/intl/de-DE/p183-henley-short-sleeve-shirt","/intl/de-DE/p184-henley-short-sleeve-shirt","301","auto","Master product sequence and localized canonical-path alignment","no","no","2026-08-08"
"supabase-legacy-route","/intl/de-DE/p184-henley-long-sleeve-shirt","/intl/de-DE/p185-henley-long-sleeve-shirt","301","auto","Master product sequence and localized canonical-path alignment","no","no","2026-08-08"
"supabase-legacy-route","/intl/de-DE/p185-premium-polo-shirt","/intl/de-DE/p186-mens-premium-polo-shirt","301","auto","Master product sequence and localized canonical-path alignment","no","no","2026-08-08"
"supabase-legacy-route","/intl/de-DE/p186-cotton-chino-shorts","/intl/de-DE/p187-cotton-chino-shorts","301","auto","Master product sequence and localized canonical-path alignment","no","no","2026-08-08"
"supabase-legacy-route","/intl/de-DE/p187-casual-chino-pants","/intl/de-DE/p188-casual-chino-pants","301","auto","Master product sequence and localized canonical-path alignment","no","no","2026-08-08"
"supabase-legacy-route","/intl/de-DE/p188-lounge-shorts","/intl/de-DE/p189-lounge-shorts","301","auto","Master product sequence and localized canonical-path alignment","no","no","2026-08-08"
"supabase-legacy-route","/intl/de-DE/p189-casual-jogger","/intl/de-DE/p190-casual-jogger","301","auto","Master product sequence and localized canonical-path alignment","no","no","2026-08-08"
"supabase-legacy-route","/intl/de-DE/p190-womens-relaxed-t-shirt","/intl/de-DE/p191-womens-relaxed-t-shirt","301","auto","Master product sequence and localized canonical-path alignment","no","no","2026-08-08"
"supabase-legacy-route","/intl/de-DE/p191-womens-long-sleeve-top","/intl/de-DE/p192-womens-long-sleeve-top","301","auto","Master product sequence and localized canonical-path alignment","no","no","2026-08-08"
"supabase-legacy-route","/intl/de-DE/p192-womens-casual-blouse","/intl/de-DE/p193-womens-casual-blouse","301","auto","Master product sequence and localized canonical-path alignment","no","no","2026-08-08"
"supabase-legacy-route","/intl/de-DE/p193-womens-polo-shirt","/intl/de-DE/p194-womens-polo-shirt","301","auto","Master product sequence and localized canonical-path alignment","no","no","2026-08-08"
"supabase-legacy-route","/intl/de-DE/p194-womens-lounge-pants","/intl/de-DE/p195-womens-lounge-pants","301","auto","Master product sequence and localized canonical-path alignment","no","no","2026-08-08"
"supabase-legacy-route","/intl/de-DE/p195-womens-lounge-shorts","/intl/de-DE/p196-womens-lounge-shorts","301","auto","Master product sequence and localized canonical-path alignment","no","no","2026-08-08"
"supabase-legacy-route","/intl/de-DE/p196-womens-casual-jogger","/intl/de-DE/p197-womens-casual-jogger","301","auto","Master product sequence and localized canonical-path alignment","no","no","2026-08-08"
"supabase-legacy-route","/intl/de-DE/p197-womens-relaxed-set","/intl/de-DE/p198-womens-relaxed-set","301","auto","Master product sequence and localized canonical-path alignment","no","no","2026-08-08"
"supabase-legacy-route","/intl/de-DE/p198-womens-lightwear-cardigan","/intl/de-DE/p199-womens-lightwear-cardigan","301","auto","Master product sequence and localized canonical-path alignment","no","no","2026-08-08"
"supabase-legacy-route","/intl/de-DE/p199-womens-casual-zip-jacket","/intl/de-DE/p200-womens-casual-zip-jacket","301","auto","Master product sequence and localized canonical-path alignment","no","no","2026-08-08"
"supabase-legacy-route","/intl/de-DE/p200-unisex-crewneck-t-shirt","/intl/de-DE/p201-unisex-crewneck-t-shirt","301","auto","Master product sequence and localized canonical-path alignment","no","no","2026-08-08"
"supabase-legacy-route","/intl/de-DE/p201-unisex-pullover-sweatshirt","/intl/de-DE/p202-unisex-pullover-sweatshirt","301","auto","Master product sequence and localized canonical-path alignment","no","no","2026-08-08"
"supabase-legacy-route","/intl/de-DE/p202-unisex-zip-sweatshirt","/intl/de-DE/p203-unisex-zip-sweatshirt","301","auto","Master product sequence and localized canonical-path alignment","no","no","2026-08-08"
"supabase-legacy-route","/intl/de-DE/p203-unisex-lightweight-hoodie","/intl/de-DE/p204-unisex-lightweight-hoodie","301","auto","Master product sequence and localized canonical-path alignment","no","no","2026-08-08"
"supabase-legacy-route","/intl/de-DE/p204-unisex-lounge-set","/intl/de-DE/p205-unisex-lounge-set","301","auto","Master product sequence and localized canonical-path alignment","no","no","2026-08-08"
"supabase-legacy-route","/intl/de-DE/p205-unisex-fleece-jacket","/intl/de-DE/p206-unisex-fleece-jacket","301","auto","Master product sequence and localized canonical-path alignment","no","no","2026-08-08"
"supabase-legacy-route","/intl/de-DE/p206-unisex-casual-tracksuit","/intl/de-DE/p207-unisex-casual-tracksuit","301","auto","Master product sequence and localized canonical-path alignment","no","no","2026-08-08"
"supabase-legacy-route","/intl/de-DE/p207-unisex-oversized-t-shirt","/intl/de-DE/p208-unisex-oversized-t-shirt","301","auto","Master product sequence and localized canonical-path alignment","no","no","2026-08-08"
"supabase-legacy-route","/intl/de-DE/p208-kids-basic-t-shirt","/intl/de-DE/p209-kids-basic-t-shirt","301","auto","Master product sequence and localized canonical-path alignment","no","no","2026-08-08"
"supabase-legacy-route","/intl/de-DE/p209-kids-polo-shirt","/intl/de-DE/p210-kids-polo-shirt","301","auto","Master product sequence and localized canonical-path alignment","no","no","2026-08-08"
"supabase-legacy-route","/intl/de-DE/p210-kids-hoodie","/intl/de-DE/p211-kids-hoodie","301","auto","Master product sequence and localized canonical-path alignment","no","no","2026-08-08"
"supabase-legacy-route","/intl/de-DE/p211-kids-sweatshirt","/intl/de-DE/p212-kids-sweatshirt","301","auto","Master product sequence and localized canonical-path alignment","no","no","2026-08-08"
"supabase-legacy-route","/intl/de-DE/p212-kids-jogger","/intl/de-DE/p213-kids-jogger","301","auto","Master product sequence and localized canonical-path alignment","no","no","2026-08-08"
"supabase-legacy-route","/intl/de-DE/p213-kids-lounge-set","/intl/de-DE/p214-kids-lounge-set","301","auto","Master product sequence and localized canonical-path alignment","no","no","2026-08-08"
"supabase-legacy-route","/intl/de-DE/p214-kids-casual-tracksuit","/intl/de-DE/p215-kids-casual-tracksuit","301","auto","Master product sequence and localized canonical-path alignment","no","no","2026-08-08"
"supabase-legacy-route","/intl/de-DE/p215-mens-cotton-pajama-set","/intl/de-DE/p216-mens-cotton-pajama-set","301","auto","Master product sequence and localized canonical-path alignment","no","no","2026-08-08"
"supabase-legacy-route","/intl/de-DE/p216-mens-flannel-pajama-set","/intl/de-DE/p217-mens-flannel-pajama-set","301","auto","Master product sequence and localized canonical-path alignment","no","no","2026-08-08"
"supabase-legacy-route","/intl/de-DE/p217-mens-satin-pajama-set","/intl/de-DE/p218-mens-satin-pajama-set","301","auto","Master product sequence and localized canonical-path alignment","no","no","2026-08-08"
"supabase-legacy-route","/intl/de-DE/p218-mens-silk-pajama-set","/intl/de-DE/p219-mens-silk-pajama-set","301","auto","Master product sequence and localized canonical-path alignment","no","no","2026-08-08"
"supabase-legacy-route","/intl/de-DE/p219-mens-night-suit","/intl/de-DE/p220-mens-night-suit","301","auto","Master product sequence and localized canonical-path alignment","no","no","2026-08-08"
"supabase-legacy-route","/intl/de-DE/p220-mens-sleep-t-shirt","/intl/de-DE/p221-mens-sleep-t-shirt","301","auto","Master product sequence and localized canonical-path alignment","no","no","2026-08-08"
"supabase-legacy-route","/intl/de-DE/p221-mens-sleep-pants","/intl/de-DE/p222-mens-sleep-pants","301","auto","Master product sequence and localized canonical-path alignment","no","no","2026-08-08"
"supabase-legacy-route","/intl/de-DE/p222-mens-lounge-set","/intl/de-DE/p223-mens-lounge-set","301","auto","Master product sequence and localized canonical-path alignment","no","no","2026-08-08"
"supabase-legacy-route","/intl/de-DE/p223-mens-sleep-robe","/intl/de-DE/p224-mens-sleep-robe","301","auto","Master product sequence and localized canonical-path alignment","no","no","2026-08-08"
"supabase-legacy-route","/intl/de-DE/p224-mens-thermal-sleep-set","/intl/de-DE/p225-mens-thermal-sleep-set","301","auto","Master product sequence and localized canonical-path alignment","no","no","2026-08-08"
"supabase-legacy-route","/intl/de-DE/p225-womens-cotton-pajama-set","/intl/de-DE/p226-womens-cotton-pajama-set","301","auto","Master product sequence and localized canonical-path alignment","no","no","2026-08-08"
"supabase-legacy-route","/intl/de-DE/p226-womens-satin-pajama-set","/intl/de-DE/p227-womens-satin-pajama-set","301","auto","Master product sequence and localized canonical-path alignment","no","no","2026-08-08"
"supabase-legacy-route","/intl/de-DE/p227-womens-silk-pajama-set","/intl/de-DE/p228-womens-silk-pajama-set","301","auto","Master product sequence and localized canonical-path alignment","no","no","2026-08-08"
"supabase-legacy-route","/intl/de-DE/p228-womens-flannel-pajama-set","/intl/de-DE/p229-womens-flannel-pajama-set","301","auto","Master product sequence and localized canonical-path alignment","no","no","2026-08-08"
"supabase-legacy-route","/intl/de-DE/p229-womens-modal-pajama-set","/intl/de-DE/p230-womens-modal-pajama-set","301","auto","Master product sequence and localized canonical-path alignment","no","no","2026-08-08"
"supabase-legacy-route","/intl/de-DE/p230-womens-nightgown","/intl/de-DE/p231-womens-nightgown","301","auto","Master product sequence and localized canonical-path alignment","no","no","2026-08-08"
"supabase-legacy-route","/intl/de-DE/p231-womens-sleep-shirt","/intl/de-DE/p232-womens-sleep-shirt","301","auto","Master product sequence and localized canonical-path alignment","no","no","2026-08-08"
"supabase-legacy-route","/intl/de-DE/p232-womens-oversized-sleep-t-shirt","/intl/de-DE/p233-womens-oversized-sleep-t-shirt","301","auto","Master product sequence and localized canonical-path alignment","no","no","2026-08-08"
"supabase-legacy-route","/intl/de-DE/p233-womens-camisole-short-set","/intl/de-DE/p234-womens-camisole-short-set","301","auto","Master product sequence and localized canonical-path alignment","no","no","2026-08-08"
"supabase-legacy-route","/intl/de-DE/p234-womens-long-lounge-set","/intl/de-DE/p235-womens-long-lounge-set","301","auto","Master product sequence and localized canonical-path alignment","no","no","2026-08-08"
"supabase-legacy-route","/intl/de-DE/p235-womens-satin-robe","/intl/de-DE/p236-womens-satin-robe","301","auto","Master product sequence and localized canonical-path alignment","no","no","2026-08-08"
"supabase-legacy-route","/intl/de-DE/p236-womens-plush-robe","/intl/de-DE/p237-womens-plush-robe","301","auto","Master product sequence and localized canonical-path alignment","no","no","2026-08-08"
"supabase-legacy-route","/intl/de-DE/p237-womens-lace-trim-night-dress","/intl/de-DE/p238-womens-lace-trim-night-dress","301","auto","Master product sequence and localized canonical-path alignment","no","no","2026-08-08"
"supabase-legacy-route","/intl/de-DE/p238-womens-button-down-sleep-set","/intl/de-DE/p239-womens-button-down-sleep-set","301","auto","Master product sequence and localized canonical-path alignment","no","no","2026-08-08"
"supabase-legacy-route","/intl/de-DE/p239-womens-thermal-sleep-set","/intl/de-DE/p240-womens-thermal-sleep-set","301","auto","Master product sequence and localized canonical-path alignment","no","no","2026-08-08"
"supabase-legacy-route","/intl/de-DE/p240-boys-pajama-set","/intl/de-DE/p241-boys-pajama-set","301","auto","Master product sequence and localized canonical-path alignment","no","no","2026-08-08"
"supabase-legacy-route","/intl/de-DE/p241-girls-pajama-set","/intl/de-DE/p242-girls-pajama-set","301","auto","Master product sequence and localized canonical-path alignment","no","no","2026-08-08"
"supabase-legacy-route","/intl/de-DE/p242-kids-printed-pajama-set","/intl/de-DE/p243-kids-printed-pajama-set","301","auto","Master product sequence and localized canonical-path alignment","no","no","2026-08-08"
"supabase-legacy-route","/intl/de-DE/p243-kids-flannel-pajama-set","/intl/de-DE/p244-kids-flannel-pajama-set","301","auto","Master product sequence and localized canonical-path alignment","no","no","2026-08-08"
"supabase-legacy-route","/intl/de-DE/p244-kids-fleece-sleep-set","/intl/de-DE/p245-kids-fleece-sleep-set","301","auto","Master product sequence and localized canonical-path alignment","no","no","2026-08-08"
"supabase-legacy-route","/intl/de-DE/p245-kids-onesie","/intl/de-DE/p246-kids-onesie","301","auto","Master product sequence and localized canonical-path alignment","no","no","2026-08-08"
"supabase-legacy-route","/intl/de-DE/p246-kids-sleep-robe","/intl/de-DE/p247-kids-sleep-robe","301","auto","Master product sequence and localized canonical-path alignment","no","no","2026-08-08"
"supabase-legacy-route","/intl/de-DE/p247-kids-thermal-sleep-set","/intl/de-DE/p248-kids-thermal-sleep-set","301","auto","Master product sequence and localized canonical-path alignment","no","no","2026-08-08"
"supabase-legacy-route","/intl/de-DE/p248-hotel-bathrobe","/intl/de-DE/p249-hotel-bathrobe","301","auto","Master product sequence and localized canonical-path alignment","no","no","2026-08-08"
"supabase-legacy-route","/intl/de-DE/p249-spa-robe","/intl/de-DE/p250-spa-robe","301","auto","Master product sequence and localized canonical-path alignment","no","no","2026-08-08"
"supabase-legacy-route","/intl/de-DE/p250-waffle-robe","/intl/de-DE/p251-waffle-robe","301","auto","Master product sequence and localized canonical-path alignment","no","no","2026-08-08"
"supabase-legacy-route","/intl/de-DE/p251-luxury-guest-sleepwear-set","/intl/de-DE/p252-luxury-guest-sleepwear-set","301","auto","Master product sequence and localized canonical-path alignment","no","no","2026-08-08"
"supabase-legacy-route","/intl/de-DE/p252-hospitality-slipper-set","/intl/de-DE/p253-hospitality-slipper-set","301","auto","Master product sequence and localized canonical-path alignment","no","no","2026-08-08"
"supabase-legacy-route","/intl/de-DE/p253-hotel-pajama-set","/intl/de-DE/p254-hotel-pajama-set","301","auto","Master product sequence and localized canonical-path alignment","no","no","2026-08-08"
"supabase-legacy-route","/intl/de-DE/p254-resort-lounge-set","/intl/de-DE/p255-resort-lounge-set","301","auto","Master product sequence and localized canonical-path alignment","no","no","2026-08-08"
"supabase-legacy-route","/intl/es-ES/p135-oversized-t-shirt","/intl/es-ES/p136-oversized-t-shirt","301","auto","Master product sequence and localized canonical-path alignment","no","no","2026-08-08"
"supabase-legacy-route","/intl/es-ES/p136-heavyweight-t-shirt","/intl/es-ES/p137-heavyweight-t-shirt","301","auto","Master product sequence and localized canonical-path alignment","no","no","2026-08-08"
"supabase-legacy-route","/intl/es-ES/p137-long-sleeve-t-shirt","/intl/es-ES/p138-long-sleeve-t-shirt","301","auto","Master product sequence and localized canonical-path alignment","no","no","2026-08-08"
"supabase-legacy-route","/intl/es-ES/p138-graphic-t-shirt","/intl/es-ES/p139-graphic-t-shirt","301","auto","Master product sequence and localized canonical-path alignment","no","no","2026-08-08"
"supabase-legacy-route","/intl/es-ES/p139-oversized-pullover-hoodie","/intl/es-ES/p140-oversized-pullover-hoodie","301","auto","Master product sequence and localized canonical-path alignment","no","no","2026-08-08"
"supabase-legacy-route","/intl/es-ES/p140-premium-zip-hoodie","/intl/es-ES/p141-premium-zip-hoodie","301","auto","Master product sequence and localized canonical-path alignment","no","no","2026-08-08"
"supabase-legacy-route","/intl/es-ES/p141-cropped-hoodie","/intl/es-ES/p142-cropped-hoodie","301","auto","Master product sequence and localized canonical-path alignment","no","no","2026-08-08"
"supabase-legacy-route","/intl/es-ES/p142-heavyweight-sweatshirt","/intl/es-ES/p143-heavyweight-sweatshirt","301","auto","Master product sequence and localized canonical-path alignment","no","no","2026-08-08"
"supabase-legacy-route","/intl/es-ES/p143-crewneck-sweatshirt","/intl/es-ES/p144-crewneck-sweatshirt","301","auto","Master product sequence and localized canonical-path alignment","no","no","2026-08-08"
"supabase-legacy-route","/intl/es-ES/p144-premium-polo-shirt","/intl/es-ES/p145-streetwear-premium-polo-shirt","301","auto","Master product sequence and localized canonical-path alignment","no","no","2026-08-08"
"supabase-legacy-route","/intl/es-ES/p145-streetwear-shirt","/intl/es-ES/p146-streetwear-shirt","301","auto","Master product sequence and localized canonical-path alignment","no","no","2026-08-08"
"supabase-legacy-route","/intl/es-ES/p146-overshirt","/intl/es-ES/p147-overshirt","301","auto","Master product sequence and localized canonical-path alignment","no","no","2026-08-08"
"supabase-legacy-route","/intl/es-ES/p147-varsity-jacket","/intl/es-ES/p148-varsity-jacket","301","auto","Master product sequence and localized canonical-path alignment","no","no","2026-08-08"
"supabase-legacy-route","/intl/es-ES/p148-coach-jacket","/intl/es-ES/p149-coach-jacket","301","auto","Master product sequence and localized canonical-path alignment","no","no","2026-08-08"
"supabase-legacy-route","/intl/es-ES/p149-streetwear-bomber-jacket","/intl/es-ES/p150-streetwear-bomber-jacket","301","auto","Master product sequence and localized canonical-path alignment","no","no","2026-08-08"
"supabase-legacy-route","/intl/es-ES/p150-puffer-jacket","/intl/es-ES/p151-puffer-jacket","301","auto","Master product sequence and localized canonical-path alignment","no","no","2026-08-08"
"supabase-legacy-route","/intl/es-ES/p151-windbreaker-jacket","/intl/es-ES/p152-windbreaker-jacket","301","auto","Master product sequence and localized canonical-path alignment","no","no","2026-08-08"
"supabase-legacy-route","/intl/es-ES/p152-utility-jacket","/intl/es-ES/p153-utility-jacket","301","auto","Master product sequence and localized canonical-path alignment","no","no","2026-08-08"
"supabase-legacy-route","/intl/es-ES/p153-sherpa-jacket","/intl/es-ES/p154-sherpa-jacket","301","auto","Master product sequence and localized canonical-path alignment","no","no","2026-08-08"
"supabase-legacy-route","/intl/es-ES/p154-technical-shell-jacket","/intl/es-ES/p155-technical-shell-jacket","301","auto","Master product sequence and localized canonical-path alignment","no","no","2026-08-08"
"supabase-legacy-route","/intl/es-ES/p155-cargo-pants","/intl/es-ES/p156-cargo-pants","301","auto","Master product sequence and localized canonical-path alignment","no","no","2026-08-08"
"supabase-legacy-route","/intl/es-ES/p156-parachute-pants","/intl/es-ES/p157-parachute-pants","301","auto","Master product sequence and localized canonical-path alignment","no","no","2026-08-08"
"supabase-legacy-route","/intl/es-ES/p157-jogger-pants","/intl/es-ES/p158-jogger-pants","301","auto","Master product sequence and localized canonical-path alignment","no","no","2026-08-08"
"supabase-legacy-route","/intl/es-ES/p158-sweatpants","/intl/es-ES/p159-sweatpants","301","auto","Master product sequence and localized canonical-path alignment","no","no","2026-08-08"
"supabase-legacy-route","/intl/es-ES/p159-wide-leg-pants","/intl/es-ES/p160-wide-leg-pants","301","auto","Master product sequence and localized canonical-path alignment","no","no","2026-08-08"
"supabase-legacy-route","/intl/es-ES/p160-cargo-shorts","/intl/es-ES/p161-cargo-shorts","301","auto","Master product sequence and localized canonical-path alignment","no","no","2026-08-08"
"supabase-legacy-route","/intl/es-ES/p161-sweat-shorts","/intl/es-ES/p162-sweat-shorts","301","auto","Master product sequence and localized canonical-path alignment","no","no","2026-08-08"
"supabase-legacy-route","/intl/es-ES/p162-tech-fleece-tracksuit","/intl/es-ES/p163-tech-fleece-tracksuit","301","auto","Master product sequence and localized canonical-path alignment","no","no","2026-08-08"
"supabase-legacy-route","/intl/es-ES/p163-track-pants","/intl/es-ES/p164-track-pants","301","auto","Master product sequence and localized canonical-path alignment","no","no","2026-08-08"
"supabase-legacy-route","/intl/es-ES/p164-utility-shorts","/intl/es-ES/p165-utility-shorts","301","auto","Master product sequence and localized canonical-path alignment","no","no","2026-08-08"
"supabase-legacy-route","/intl/es-ES/p165-oversized-hoodie-jogger-set","/intl/es-ES/p166-oversized-hoodie-jogger-set","301","auto","Master product sequence and localized canonical-path alignment","no","no","2026-08-08"
"supabase-legacy-route","/intl/es-ES/p166-zip-hoodie-jogger-set","/intl/es-ES/p167-zip-hoodie-jogger-set","301","auto","Master product sequence and localized canonical-path alignment","no","no","2026-08-08"
"supabase-legacy-route","/intl/es-ES/p167-sweatshirt-jogger-set","/intl/es-ES/p168-sweatshirt-jogger-set","301","auto","Master product sequence and localized canonical-path alignment","no","no","2026-08-08"
"supabase-legacy-route","/intl/es-ES/p168-streetwear-tracksuit","/intl/es-ES/p169-streetwear-tracksuit","301","auto","Master product sequence and localized canonical-path alignment","no","no","2026-08-08"
"supabase-legacy-route","/intl/es-ES/p169-cargo-tracksuit","/intl/es-ES/p170-cargo-tracksuit","301","auto","Master product sequence and localized canonical-path alignment","no","no","2026-08-08"
"supabase-legacy-route","/intl/es-ES/p170-techwear-set","/intl/es-ES/p171-techwear-set","301","auto","Master product sequence and localized canonical-path alignment","no","no","2026-08-08"
"supabase-legacy-route","/intl/es-ES/p171-summer-t-shirt-shorts-set","/intl/es-ES/p172-summer-t-shirt-shorts-set","301","auto","Master product sequence and localized canonical-path alignment","no","no","2026-08-08"
"supabase-legacy-route","/intl/es-ES/p172-womens-oversized-t-shirt","/intl/es-ES/p173-womens-oversized-t-shirt","301","auto","Master product sequence and localized canonical-path alignment","no","no","2026-08-08"
"supabase-legacy-route","/intl/es-ES/p173-womens-cropped-t-shirt","/intl/es-ES/p174-womens-cropped-t-shirt","301","auto","Master product sequence and localized canonical-path alignment","no","no","2026-08-08"
"supabase-legacy-route","/intl/es-ES/p174-womens-oversized-hoodie","/intl/es-ES/p175-womens-oversized-hoodie","301","auto","Master product sequence and localized canonical-path alignment","no","no","2026-08-08"
"supabase-legacy-route","/intl/es-ES/p175-womens-cargo-pants","/intl/es-ES/p176-womens-cargo-pants","301","auto","Master product sequence and localized canonical-path alignment","no","no","2026-08-08"
"supabase-legacy-route","/intl/es-ES/p176-womens-parachute-pants","/intl/es-ES/p177-womens-parachute-pants","301","auto","Master product sequence and localized canonical-path alignment","no","no","2026-08-08"
"supabase-legacy-route","/intl/es-ES/p177-womens-cropped-hoodie","/intl/es-ES/p178-womens-cropped-hoodie","301","auto","Master product sequence and localized canonical-path alignment","no","no","2026-08-08"
"supabase-legacy-route","/intl/es-ES/p178-womens-cargo-shorts","/intl/es-ES/p179-womens-cargo-shorts","301","auto","Master product sequence and localized canonical-path alignment","no","no","2026-08-08"
"supabase-legacy-route","/intl/es-ES/p179-womens-streetwear-tracksuit","/intl/es-ES/p180-womens-streetwear-tracksuit","301","auto","Master product sequence and localized canonical-path alignment","no","no","2026-08-08"
"supabase-legacy-route","/intl/es-ES/p180-casual-button-up-shirt","/intl/es-ES/p181-casual-button-up-shirt","301","auto","Master product sequence and localized canonical-path alignment","no","no","2026-08-08"
"supabase-legacy-route","/intl/es-ES/p181-essential-crewneck-t-shirt","/intl/es-ES/p182-essential-crewneck-t-shirt","301","auto","Master product sequence and localized canonical-path alignment","no","no","2026-08-08"
"supabase-legacy-route","/intl/es-ES/p182-essential-v-neck-t-shirt","/intl/es-ES/p183-essential-v-neck-t-shirt","301","auto","Master product sequence and localized canonical-path alignment","no","no","2026-08-08"
"supabase-legacy-route","/intl/es-ES/p183-henley-short-sleeve-shirt","/intl/es-ES/p184-henley-short-sleeve-shirt","301","auto","Master product sequence and localized canonical-path alignment","no","no","2026-08-08"
"supabase-legacy-route","/intl/es-ES/p184-henley-long-sleeve-shirt","/intl/es-ES/p185-henley-long-sleeve-shirt","301","auto","Master product sequence and localized canonical-path alignment","no","no","2026-08-08"
"supabase-legacy-route","/intl/es-ES/p185-premium-polo-shirt","/intl/es-ES/p186-mens-premium-polo-shirt","301","auto","Master product sequence and localized canonical-path alignment","no","no","2026-08-08"
"supabase-legacy-route","/intl/es-ES/p186-cotton-chino-shorts","/intl/es-ES/p187-cotton-chino-shorts","301","auto","Master product sequence and localized canonical-path alignment","no","no","2026-08-08"
"supabase-legacy-route","/intl/es-ES/p187-casual-chino-pants","/intl/es-ES/p188-casual-chino-pants","301","auto","Master product sequence and localized canonical-path alignment","no","no","2026-08-08"
"supabase-legacy-route","/intl/es-ES/p188-lounge-shorts","/intl/es-ES/p189-lounge-shorts","301","auto","Master product sequence and localized canonical-path alignment","no","no","2026-08-08"
"supabase-legacy-route","/intl/es-ES/p189-casual-jogger","/intl/es-ES/p190-casual-jogger","301","auto","Master product sequence and localized canonical-path alignment","no","no","2026-08-08"
"supabase-legacy-route","/intl/es-ES/p190-womens-relaxed-t-shirt","/intl/es-ES/p191-womens-relaxed-t-shirt","301","auto","Master product sequence and localized canonical-path alignment","no","no","2026-08-08"
"supabase-legacy-route","/intl/es-ES/p191-womens-long-sleeve-top","/intl/es-ES/p192-womens-long-sleeve-top","301","auto","Master product sequence and localized canonical-path alignment","no","no","2026-08-08"
"supabase-legacy-route","/intl/es-ES/p192-womens-casual-blouse","/intl/es-ES/p193-womens-casual-blouse","301","auto","Master product sequence and localized canonical-path alignment","no","no","2026-08-08"
"supabase-legacy-route","/intl/es-ES/p193-womens-polo-shirt","/intl/es-ES/p194-womens-polo-shirt","301","auto","Master product sequence and localized canonical-path alignment","no","no","2026-08-08"
"supabase-legacy-route","/intl/es-ES/p194-womens-lounge-pants","/intl/es-ES/p195-womens-lounge-pants","301","auto","Master product sequence and localized canonical-path alignment","no","no","2026-08-08"
"supabase-legacy-route","/intl/es-ES/p195-womens-lounge-shorts","/intl/es-ES/p196-womens-lounge-shorts","301","auto","Master product sequence and localized canonical-path alignment","no","no","2026-08-08"
"supabase-legacy-route","/intl/es-ES/p196-womens-casual-jogger","/intl/es-ES/p197-womens-casual-jogger","301","auto","Master product sequence and localized canonical-path alignment","no","no","2026-08-08"
"supabase-legacy-route","/intl/es-ES/p197-womens-relaxed-set","/intl/es-ES/p198-womens-relaxed-set","301","auto","Master product sequence and localized canonical-path alignment","no","no","2026-08-08"
"supabase-legacy-route","/intl/es-ES/p198-womens-lightwear-cardigan","/intl/es-ES/p199-womens-lightwear-cardigan","301","auto","Master product sequence and localized canonical-path alignment","no","no","2026-08-08"
"supabase-legacy-route","/intl/es-ES/p199-womens-casual-zip-jacket","/intl/es-ES/p200-womens-casual-zip-jacket","301","auto","Master product sequence and localized canonical-path alignment","no","no","2026-08-08"
"supabase-legacy-route","/intl/es-ES/p200-unisex-crewneck-t-shirt","/intl/es-ES/p201-unisex-crewneck-t-shirt","301","auto","Master product sequence and localized canonical-path alignment","no","no","2026-08-08"
"supabase-legacy-route","/intl/es-ES/p201-unisex-pullover-sweatshirt","/intl/es-ES/p202-unisex-pullover-sweatshirt","301","auto","Master product sequence and localized canonical-path alignment","no","no","2026-08-08"
"supabase-legacy-route","/intl/es-ES/p202-unisex-zip-sweatshirt","/intl/es-ES/p203-unisex-zip-sweatshirt","301","auto","Master product sequence and localized canonical-path alignment","no","no","2026-08-08"
"supabase-legacy-route","/intl/es-ES/p203-unisex-lightweight-hoodie","/intl/es-ES/p204-unisex-lightweight-hoodie","301","auto","Master product sequence and localized canonical-path alignment","no","no","2026-08-08"
"supabase-legacy-route","/intl/es-ES/p204-unisex-lounge-set","/intl/es-ES/p205-unisex-lounge-set","301","auto","Master product sequence and localized canonical-path alignment","no","no","2026-08-08"
"supabase-legacy-route","/intl/es-ES/p205-unisex-fleece-jacket","/intl/es-ES/p206-unisex-fleece-jacket","301","auto","Master product sequence and localized canonical-path alignment","no","no","2026-08-08"
"supabase-legacy-route","/intl/es-ES/p206-unisex-casual-tracksuit","/intl/es-ES/p207-unisex-casual-tracksuit","301","auto","Master product sequence and localized canonical-path alignment","no","no","2026-08-08"
"supabase-legacy-route","/intl/es-ES/p207-unisex-oversized-t-shirt","/intl/es-ES/p208-unisex-oversized-t-shirt","301","auto","Master product sequence and localized canonical-path alignment","no","no","2026-08-08"
"supabase-legacy-route","/intl/es-ES/p208-kids-basic-t-shirt","/intl/es-ES/p209-kids-basic-t-shirt","301","auto","Master product sequence and localized canonical-path alignment","no","no","2026-08-08"
"supabase-legacy-route","/intl/es-ES/p209-kids-polo-shirt","/intl/es-ES/p210-kids-polo-shirt","301","auto","Master product sequence and localized canonical-path alignment","no","no","2026-08-08"
"supabase-legacy-route","/intl/es-ES/p210-kids-hoodie","/intl/es-ES/p211-kids-hoodie","301","auto","Master product sequence and localized canonical-path alignment","no","no","2026-08-08"
"supabase-legacy-route","/intl/es-ES/p211-kids-sweatshirt","/intl/es-ES/p212-kids-sweatshirt","301","auto","Master product sequence and localized canonical-path alignment","no","no","2026-08-08"
"supabase-legacy-route","/intl/es-ES/p212-kids-jogger","/intl/es-ES/p213-kids-jogger","301","auto","Master product sequence and localized canonical-path alignment","no","no","2026-08-08"
"supabase-legacy-route","/intl/es-ES/p213-kids-lounge-set","/intl/es-ES/p214-kids-lounge-set","301","auto","Master product sequence and localized canonical-path alignment","no","no","2026-08-08"
"supabase-legacy-route","/intl/es-ES/p214-kids-casual-tracksuit","/intl/es-ES/p215-kids-casual-tracksuit","301","auto","Master product sequence and localized canonical-path alignment","no","no","2026-08-08"
"supabase-legacy-route","/intl/es-ES/p215-mens-cotton-pajama-set","/intl/es-ES/p216-mens-cotton-pajama-set","301","auto","Master product sequence and localized canonical-path alignment","no","no","2026-08-08"
"supabase-legacy-route","/intl/es-ES/p216-mens-flannel-pajama-set","/intl/es-ES/p217-mens-flannel-pajama-set","301","auto","Master product sequence and localized canonical-path alignment","no","no","2026-08-08"
"supabase-legacy-route","/intl/es-ES/p217-mens-satin-pajama-set","/intl/es-ES/p218-mens-satin-pajama-set","301","auto","Master product sequence and localized canonical-path alignment","no","no","2026-08-08"
"supabase-legacy-route","/intl/es-ES/p218-mens-silk-pajama-set","/intl/es-ES/p219-mens-silk-pajama-set","301","auto","Master product sequence and localized canonical-path alignment","no","no","2026-08-08"
"supabase-legacy-route","/intl/es-ES/p219-mens-night-suit","/intl/es-ES/p220-mens-night-suit","301","auto","Master product sequence and localized canonical-path alignment","no","no","2026-08-08"
"supabase-legacy-route","/intl/es-ES/p220-mens-sleep-t-shirt","/intl/es-ES/p221-mens-sleep-t-shirt","301","auto","Master product sequence and localized canonical-path alignment","no","no","2026-08-08"
"supabase-legacy-route","/intl/es-ES/p221-mens-sleep-pants","/intl/es-ES/p222-mens-sleep-pants","301","auto","Master product sequence and localized canonical-path alignment","no","no","2026-08-08"
"supabase-legacy-route","/intl/es-ES/p222-mens-lounge-set","/intl/es-ES/p223-mens-lounge-set","301","auto","Master product sequence and localized canonical-path alignment","no","no","2026-08-08"
"supabase-legacy-route","/intl/es-ES/p223-mens-sleep-robe","/intl/es-ES/p224-mens-sleep-robe","301","auto","Master product sequence and localized canonical-path alignment","no","no","2026-08-08"
"supabase-legacy-route","/intl/es-ES/p224-mens-thermal-sleep-set","/intl/es-ES/p225-mens-thermal-sleep-set","301","auto","Master product sequence and localized canonical-path alignment","no","no","2026-08-08"
"supabase-legacy-route","/intl/es-ES/p225-womens-cotton-pajama-set","/intl/es-ES/p226-womens-cotton-pajama-set","301","auto","Master product sequence and localized canonical-path alignment","no","no","2026-08-08"
"supabase-legacy-route","/intl/es-ES/p226-womens-satin-pajama-set","/intl/es-ES/p227-womens-satin-pajama-set","301","auto","Master product sequence and localized canonical-path alignment","no","no","2026-08-08"
"supabase-legacy-route","/intl/es-ES/p227-womens-silk-pajama-set","/intl/es-ES/p228-womens-silk-pajama-set","301","auto","Master product sequence and localized canonical-path alignment","no","no","2026-08-08"
"supabase-legacy-route","/intl/es-ES/p228-womens-flannel-pajama-set","/intl/es-ES/p229-womens-flannel-pajama-set","301","auto","Master product sequence and localized canonical-path alignment","no","no","2026-08-08"
"supabase-legacy-route","/intl/es-ES/p229-womens-modal-pajama-set","/intl/es-ES/p230-womens-modal-pajama-set","301","auto","Master product sequence and localized canonical-path alignment","no","no","2026-08-08"
"supabase-legacy-route","/intl/es-ES/p230-womens-nightgown","/intl/es-ES/p231-womens-nightgown","301","auto","Master product sequence and localized canonical-path alignment","no","no","2026-08-08"
"supabase-legacy-route","/intl/es-ES/p231-womens-sleep-shirt","/intl/es-ES/p232-womens-sleep-shirt","301","auto","Master product sequence and localized canonical-path alignment","no","no","2026-08-08"
"supabase-legacy-route","/intl/es-ES/p232-womens-oversized-sleep-t-shirt","/intl/es-ES/p233-womens-oversized-sleep-t-shirt","301","auto","Master product sequence and localized canonical-path alignment","no","no","2026-08-08"
"supabase-legacy-route","/intl/es-ES/p233-womens-camisole-short-set","/intl/es-ES/p234-womens-camisole-short-set","301","auto","Master product sequence and localized canonical-path alignment","no","no","2026-08-08"
"supabase-legacy-route","/intl/es-ES/p234-womens-long-lounge-set","/intl/es-ES/p235-womens-long-lounge-set","301","auto","Master product sequence and localized canonical-path alignment","no","no","2026-08-08"
"supabase-legacy-route","/intl/es-ES/p235-womens-satin-robe","/intl/es-ES/p236-womens-satin-robe","301","auto","Master product sequence and localized canonical-path alignment","no","no","2026-08-08"
"supabase-legacy-route","/intl/es-ES/p236-womens-plush-robe","/intl/es-ES/p237-womens-plush-robe","301","auto","Master product sequence and localized canonical-path alignment","no","no","2026-08-08"
"supabase-legacy-route","/intl/es-ES/p237-womens-lace-trim-night-dress","/intl/es-ES/p238-womens-lace-trim-night-dress","301","auto","Master product sequence and localized canonical-path alignment","no","no","2026-08-08"
"supabase-legacy-route","/intl/es-ES/p238-womens-button-down-sleep-set","/intl/es-ES/p239-womens-button-down-sleep-set","301","auto","Master product sequence and localized canonical-path alignment","no","no","2026-08-08"
"supabase-legacy-route","/intl/es-ES/p239-womens-thermal-sleep-set","/intl/es-ES/p240-womens-thermal-sleep-set","301","auto","Master product sequence and localized canonical-path alignment","no","no","2026-08-08"
"supabase-legacy-route","/intl/es-ES/p240-boys-pajama-set","/intl/es-ES/p241-boys-pajama-set","301","auto","Master product sequence and localized canonical-path alignment","no","no","2026-08-08"
"supabase-legacy-route","/intl/es-ES/p241-girls-pajama-set","/intl/es-ES/p242-girls-pajama-set","301","auto","Master product sequence and localized canonical-path alignment","no","no","2026-08-08"
"supabase-legacy-route","/intl/es-ES/p242-kids-printed-pajama-set","/intl/es-ES/p243-kids-printed-pajama-set","301","auto","Master product sequence and localized canonical-path alignment","no","no","2026-08-08"
"supabase-legacy-route","/intl/es-ES/p243-kids-flannel-pajama-set","/intl/es-ES/p244-kids-flannel-pajama-set","301","auto","Master product sequence and localized canonical-path alignment","no","no","2026-08-08"
"supabase-legacy-route","/intl/es-ES/p244-kids-fleece-sleep-set","/intl/es-ES/p245-kids-fleece-sleep-set","301","auto","Master product sequence and localized canonical-path alignment","no","no","2026-08-08"
"supabase-legacy-route","/intl/es-ES/p245-kids-onesie","/intl/es-ES/p246-kids-onesie","301","auto","Master product sequence and localized canonical-path alignment","no","no","2026-08-08"
"supabase-legacy-route","/intl/es-ES/p246-kids-sleep-robe","/intl/es-ES/p247-kids-sleep-robe","301","auto","Master product sequence and localized canonical-path alignment","no","no","2026-08-08"
"supabase-legacy-route","/intl/es-ES/p247-kids-thermal-sleep-set","/intl/es-ES/p248-kids-thermal-sleep-set","301","auto","Master product sequence and localized canonical-path alignment","no","no","2026-08-08"
"supabase-legacy-route","/intl/es-ES/p248-hotel-bathrobe","/intl/es-ES/p249-hotel-bathrobe","301","auto","Master product sequence and localized canonical-path alignment","no","no","2026-08-08"
"supabase-legacy-route","/intl/es-ES/p249-spa-robe","/intl/es-ES/p250-spa-robe","301","auto","Master product sequence and localized canonical-path alignment","no","no","2026-08-08"
"supabase-legacy-route","/intl/es-ES/p250-waffle-robe","/intl/es-ES/p251-waffle-robe","301","auto","Master product sequence and localized canonical-path alignment","no","no","2026-08-08"
"supabase-legacy-route","/intl/es-ES/p251-luxury-guest-sleepwear-set","/intl/es-ES/p252-luxury-guest-sleepwear-set","301","auto","Master product sequence and localized canonical-path alignment","no","no","2026-08-08"
"supabase-legacy-route","/intl/es-ES/p252-hospitality-slipper-set","/intl/es-ES/p253-hospitality-slipper-set","301","auto","Master product sequence and localized canonical-path alignment","no","no","2026-08-08"
"supabase-legacy-route","/intl/es-ES/p253-hotel-pajama-set","/intl/es-ES/p254-hotel-pajama-set","301","auto","Master product sequence and localized canonical-path alignment","no","no","2026-08-08"
"supabase-legacy-route","/intl/es-ES/p254-resort-lounge-set","/intl/es-ES/p255-resort-lounge-set","301","auto","Master product sequence and localized canonical-path alignment","no","no","2026-08-08"
"supabase-legacy-route","/intl/fr-FR/p135-oversized-t-shirt","/intl/fr-FR/p136-oversized-t-shirt","301","auto","Master product sequence and localized canonical-path alignment","no","no","2026-08-08"
"supabase-legacy-route","/intl/fr-FR/p136-heavyweight-t-shirt","/intl/fr-FR/p137-heavyweight-t-shirt","301","auto","Master product sequence and localized canonical-path alignment","no","no","2026-08-08"
"supabase-legacy-route","/intl/fr-FR/p137-long-sleeve-t-shirt","/intl/fr-FR/p138-long-sleeve-t-shirt","301","auto","Master product sequence and localized canonical-path alignment","no","no","2026-08-08"
"supabase-legacy-route","/intl/fr-FR/p138-graphic-t-shirt","/intl/fr-FR/p139-graphic-t-shirt","301","auto","Master product sequence and localized canonical-path alignment","no","no","2026-08-08"
"supabase-legacy-route","/intl/fr-FR/p139-oversized-pullover-hoodie","/intl/fr-FR/p140-oversized-pullover-hoodie","301","auto","Master product sequence and localized canonical-path alignment","no","no","2026-08-08"
"supabase-legacy-route","/intl/fr-FR/p140-premium-zip-hoodie","/intl/fr-FR/p141-premium-zip-hoodie","301","auto","Master product sequence and localized canonical-path alignment","no","no","2026-08-08"
"supabase-legacy-route","/intl/fr-FR/p141-cropped-hoodie","/intl/fr-FR/p142-cropped-hoodie","301","auto","Master product sequence and localized canonical-path alignment","no","no","2026-08-08"
"supabase-legacy-route","/intl/fr-FR/p142-heavyweight-sweatshirt","/intl/fr-FR/p143-heavyweight-sweatshirt","301","auto","Master product sequence and localized canonical-path alignment","no","no","2026-08-08"
"supabase-legacy-route","/intl/fr-FR/p143-crewneck-sweatshirt","/intl/fr-FR/p144-crewneck-sweatshirt","301","auto","Master product sequence and localized canonical-path alignment","no","no","2026-08-08"
"supabase-legacy-route","/intl/fr-FR/p144-premium-polo-shirt","/intl/fr-FR/p145-streetwear-premium-polo-shirt","301","auto","Master product sequence and localized canonical-path alignment","no","no","2026-08-08"
"supabase-legacy-route","/intl/fr-FR/p145-streetwear-shirt","/intl/fr-FR/p146-streetwear-shirt","301","auto","Master product sequence and localized canonical-path alignment","no","no","2026-08-08"
"supabase-legacy-route","/intl/fr-FR/p146-overshirt","/intl/fr-FR/p147-overshirt","301","auto","Master product sequence and localized canonical-path alignment","no","no","2026-08-08"
"supabase-legacy-route","/intl/fr-FR/p147-varsity-jacket","/intl/fr-FR/p148-varsity-jacket","301","auto","Master product sequence and localized canonical-path alignment","no","no","2026-08-08"
"supabase-legacy-route","/intl/fr-FR/p148-coach-jacket","/intl/fr-FR/p149-coach-jacket","301","auto","Master product sequence and localized canonical-path alignment","no","no","2026-08-08"
"supabase-legacy-route","/intl/fr-FR/p149-streetwear-bomber-jacket","/intl/fr-FR/p150-streetwear-bomber-jacket","301","auto","Master product sequence and localized canonical-path alignment","no","no","2026-08-08"
"supabase-legacy-route","/intl/fr-FR/p150-puffer-jacket","/intl/fr-FR/p151-puffer-jacket","301","auto","Master product sequence and localized canonical-path alignment","no","no","2026-08-08"
"supabase-legacy-route","/intl/fr-FR/p151-windbreaker-jacket","/intl/fr-FR/p152-windbreaker-jacket","301","auto","Master product sequence and localized canonical-path alignment","no","no","2026-08-08"
"supabase-legacy-route","/intl/fr-FR/p152-utility-jacket","/intl/fr-FR/p153-utility-jacket","301","auto","Master product sequence and localized canonical-path alignment","no","no","2026-08-08"
"supabase-legacy-route","/intl/fr-FR/p153-sherpa-jacket","/intl/fr-FR/p154-sherpa-jacket","301","auto","Master product sequence and localized canonical-path alignment","no","no","2026-08-08"
"supabase-legacy-route","/intl/fr-FR/p154-technical-shell-jacket","/intl/fr-FR/p155-technical-shell-jacket","301","auto","Master product sequence and localized canonical-path alignment","no","no","2026-08-08"
"supabase-legacy-route","/intl/fr-FR/p155-cargo-pants","/intl/fr-FR/p156-cargo-pants","301","auto","Master product sequence and localized canonical-path alignment","no","no","2026-08-08"
"supabase-legacy-route","/intl/fr-FR/p156-parachute-pants","/intl/fr-FR/p157-parachute-pants","301","auto","Master product sequence and localized canonical-path alignment","no","no","2026-08-08"
"supabase-legacy-route","/intl/fr-FR/p157-jogger-pants","/intl/fr-FR/p158-jogger-pants","301","auto","Master product sequence and localized canonical-path alignment","no","no","2026-08-08"
"supabase-legacy-route","/intl/fr-FR/p158-sweatpants","/intl/fr-FR/p159-sweatpants","301","auto","Master product sequence and localized canonical-path alignment","no","no","2026-08-08"
"supabase-legacy-route","/intl/fr-FR/p159-wide-leg-pants","/intl/fr-FR/p160-wide-leg-pants","301","auto","Master product sequence and localized canonical-path alignment","no","no","2026-08-08"
"supabase-legacy-route","/intl/fr-FR/p160-cargo-shorts","/intl/fr-FR/p161-cargo-shorts","301","auto","Master product sequence and localized canonical-path alignment","no","no","2026-08-08"
"supabase-legacy-route","/intl/fr-FR/p161-sweat-shorts","/intl/fr-FR/p162-sweat-shorts","301","auto","Master product sequence and localized canonical-path alignment","no","no","2026-08-08"
"supabase-legacy-route","/intl/fr-FR/p162-tech-fleece-tracksuit","/intl/fr-FR/p163-tech-fleece-tracksuit","301","auto","Master product sequence and localized canonical-path alignment","no","no","2026-08-08"
"supabase-legacy-route","/intl/fr-FR/p163-track-pants","/intl/fr-FR/p164-track-pants","301","auto","Master product sequence and localized canonical-path alignment","no","no","2026-08-08"
"supabase-legacy-route","/intl/fr-FR/p164-utility-shorts","/intl/fr-FR/p165-utility-shorts","301","auto","Master product sequence and localized canonical-path alignment","no","no","2026-08-08"
"supabase-legacy-route","/intl/fr-FR/p165-oversized-hoodie-jogger-set","/intl/fr-FR/p166-oversized-hoodie-jogger-set","301","auto","Master product sequence and localized canonical-path alignment","no","no","2026-08-08"
"supabase-legacy-route","/intl/fr-FR/p166-zip-hoodie-jogger-set","/intl/fr-FR/p167-zip-hoodie-jogger-set","301","auto","Master product sequence and localized canonical-path alignment","no","no","2026-08-08"
"supabase-legacy-route","/intl/fr-FR/p167-sweatshirt-jogger-set","/intl/fr-FR/p168-sweatshirt-jogger-set","301","auto","Master product sequence and localized canonical-path alignment","no","no","2026-08-08"
"supabase-legacy-route","/intl/fr-FR/p168-streetwear-tracksuit","/intl/fr-FR/p169-streetwear-tracksuit","301","auto","Master product sequence and localized canonical-path alignment","no","no","2026-08-08"
"supabase-legacy-route","/intl/fr-FR/p169-cargo-tracksuit","/intl/fr-FR/p170-cargo-tracksuit","301","auto","Master product sequence and localized canonical-path alignment","no","no","2026-08-08"
"supabase-legacy-route","/intl/fr-FR/p170-techwear-set","/intl/fr-FR/p171-techwear-set","301","auto","Master product sequence and localized canonical-path alignment","no","no","2026-08-08"
"supabase-legacy-route","/intl/fr-FR/p171-summer-t-shirt-shorts-set","/intl/fr-FR/p172-summer-t-shirt-shorts-set","301","auto","Master product sequence and localized canonical-path alignment","no","no","2026-08-08"
"supabase-legacy-route","/intl/fr-FR/p172-womens-oversized-t-shirt","/intl/fr-FR/p173-womens-oversized-t-shirt","301","auto","Master product sequence and localized canonical-path alignment","no","no","2026-08-08"
"supabase-legacy-route","/intl/fr-FR/p173-womens-cropped-t-shirt","/intl/fr-FR/p174-womens-cropped-t-shirt","301","auto","Master product sequence and localized canonical-path alignment","no","no","2026-08-08"
"supabase-legacy-route","/intl/fr-FR/p174-womens-oversized-hoodie","/intl/fr-FR/p175-womens-oversized-hoodie","301","auto","Master product sequence and localized canonical-path alignment","no","no","2026-08-08"
"supabase-legacy-route","/intl/fr-FR/p175-womens-cargo-pants","/intl/fr-FR/p176-womens-cargo-pants","301","auto","Master product sequence and localized canonical-path alignment","no","no","2026-08-08"
"supabase-legacy-route","/intl/fr-FR/p176-womens-parachute-pants","/intl/fr-FR/p177-womens-parachute-pants","301","auto","Master product sequence and localized canonical-path alignment","no","no","2026-08-08"
"supabase-legacy-route","/intl/fr-FR/p177-womens-cropped-hoodie","/intl/fr-FR/p178-womens-cropped-hoodie","301","auto","Master product sequence and localized canonical-path alignment","no","no","2026-08-08"
"supabase-legacy-route","/intl/fr-FR/p178-womens-cargo-shorts","/intl/fr-FR/p179-womens-cargo-shorts","301","auto","Master product sequence and localized canonical-path alignment","no","no","2026-08-08"
"supabase-legacy-route","/intl/fr-FR/p179-womens-streetwear-tracksuit","/intl/fr-FR/p180-womens-streetwear-tracksuit","301","auto","Master product sequence and localized canonical-path alignment","no","no","2026-08-08"
"supabase-legacy-route","/intl/fr-FR/p180-casual-button-up-shirt","/intl/fr-FR/p181-casual-button-up-shirt","301","auto","Master product sequence and localized canonical-path alignment","no","no","2026-08-08"
"supabase-legacy-route","/intl/fr-FR/p181-essential-crewneck-t-shirt","/intl/fr-FR/p182-essential-crewneck-t-shirt","301","auto","Master product sequence and localized canonical-path alignment","no","no","2026-08-08"
"supabase-legacy-route","/intl/fr-FR/p182-essential-v-neck-t-shirt","/intl/fr-FR/p183-essential-v-neck-t-shirt","301","auto","Master product sequence and localized canonical-path alignment","no","no","2026-08-08"
"supabase-legacy-route","/intl/fr-FR/p183-henley-short-sleeve-shirt","/intl/fr-FR/p184-henley-short-sleeve-shirt","301","auto","Master product sequence and localized canonical-path alignment","no","no","2026-08-08"
"supabase-legacy-route","/intl/fr-FR/p184-henley-long-sleeve-shirt","/intl/fr-FR/p185-henley-long-sleeve-shirt","301","auto","Master product sequence and localized canonical-path alignment","no","no","2026-08-08"
"supabase-legacy-route","/intl/fr-FR/p185-premium-polo-shirt","/intl/fr-FR/p186-mens-premium-polo-shirt","301","auto","Master product sequence and localized canonical-path alignment","no","no","2026-08-08"
"supabase-legacy-route","/intl/fr-FR/p186-cotton-chino-shorts","/intl/fr-FR/p187-cotton-chino-shorts","301","auto","Master product sequence and localized canonical-path alignment","no","no","2026-08-08"
"supabase-legacy-route","/intl/fr-FR/p187-casual-chino-pants","/intl/fr-FR/p188-casual-chino-pants","301","auto","Master product sequence and localized canonical-path alignment","no","no","2026-08-08"
"supabase-legacy-route","/intl/fr-FR/p188-lounge-shorts","/intl/fr-FR/p189-lounge-shorts","301","auto","Master product sequence and localized canonical-path alignment","no","no","2026-08-08"
"supabase-legacy-route","/intl/fr-FR/p189-casual-jogger","/intl/fr-FR/p190-casual-jogger","301","auto","Master product sequence and localized canonical-path alignment","no","no","2026-08-08"
"supabase-legacy-route","/intl/fr-FR/p190-womens-relaxed-t-shirt","/intl/fr-FR/p191-womens-relaxed-t-shirt","301","auto","Master product sequence and localized canonical-path alignment","no","no","2026-08-08"
"supabase-legacy-route","/intl/fr-FR/p191-womens-long-sleeve-top","/intl/fr-FR/p192-womens-long-sleeve-top","301","auto","Master product sequence and localized canonical-path alignment","no","no","2026-08-08"
"supabase-legacy-route","/intl/fr-FR/p192-womens-casual-blouse","/intl/fr-FR/p193-womens-casual-blouse","301","auto","Master product sequence and localized canonical-path alignment","no","no","2026-08-08"
"supabase-legacy-route","/intl/fr-FR/p193-womens-polo-shirt","/intl/fr-FR/p194-womens-polo-shirt","301","auto","Master product sequence and localized canonical-path alignment","no","no","2026-08-08"
"supabase-legacy-route","/intl/fr-FR/p194-womens-lounge-pants","/intl/fr-FR/p195-womens-lounge-pants","301","auto","Master product sequence and localized canonical-path alignment","no","no","2026-08-08"
"supabase-legacy-route","/intl/fr-FR/p195-womens-lounge-shorts","/intl/fr-FR/p196-womens-lounge-shorts","301","auto","Master product sequence and localized canonical-path alignment","no","no","2026-08-08"
"supabase-legacy-route","/intl/fr-FR/p196-womens-casual-jogger","/intl/fr-FR/p197-womens-casual-jogger","301","auto","Master product sequence and localized canonical-path alignment","no","no","2026-08-08"
"supabase-legacy-route","/intl/fr-FR/p197-womens-relaxed-set","/intl/fr-FR/p198-womens-relaxed-set","301","auto","Master product sequence and localized canonical-path alignment","no","no","2026-08-08"
"supabase-legacy-route","/intl/fr-FR/p198-womens-lightwear-cardigan","/intl/fr-FR/p199-womens-lightwear-cardigan","301","auto","Master product sequence and localized canonical-path alignment","no","no","2026-08-08"
"supabase-legacy-route","/intl/fr-FR/p199-womens-casual-zip-jacket","/intl/fr-FR/p200-womens-casual-zip-jacket","301","auto","Master product sequence and localized canonical-path alignment","no","no","2026-08-08"
"supabase-legacy-route","/intl/fr-FR/p200-unisex-crewneck-t-shirt","/intl/fr-FR/p201-unisex-crewneck-t-shirt","301","auto","Master product sequence and localized canonical-path alignment","no","no","2026-08-08"
"supabase-legacy-route","/intl/fr-FR/p201-unisex-pullover-sweatshirt","/intl/fr-FR/p202-unisex-pullover-sweatshirt","301","auto","Master product sequence and localized canonical-path alignment","no","no","2026-08-08"
"supabase-legacy-route","/intl/fr-FR/p202-unisex-zip-sweatshirt","/intl/fr-FR/p203-unisex-zip-sweatshirt","301","auto","Master product sequence and localized canonical-path alignment","no","no","2026-08-08"
"supabase-legacy-route","/intl/fr-FR/p203-unisex-lightweight-hoodie","/intl/fr-FR/p204-unisex-lightweight-hoodie","301","auto","Master product sequence and localized canonical-path alignment","no","no","2026-08-08"
"supabase-legacy-route","/intl/fr-FR/p204-unisex-lounge-set","/intl/fr-FR/p205-unisex-lounge-set","301","auto","Master product sequence and localized canonical-path alignment","no","no","2026-08-08"
"supabase-legacy-route","/intl/fr-FR/p205-unisex-fleece-jacket","/intl/fr-FR/p206-unisex-fleece-jacket","301","auto","Master product sequence and localized canonical-path alignment","no","no","2026-08-08"
"supabase-legacy-route","/intl/fr-FR/p206-unisex-casual-tracksuit","/intl/fr-FR/p207-unisex-casual-tracksuit","301","auto","Master product sequence and localized canonical-path alignment","no","no","2026-08-08"
"supabase-legacy-route","/intl/fr-FR/p207-unisex-oversized-t-shirt","/intl/fr-FR/p208-unisex-oversized-t-shirt","301","auto","Master product sequence and localized canonical-path alignment","no","no","2026-08-08"
"supabase-legacy-route","/intl/fr-FR/p208-kids-basic-t-shirt","/intl/fr-FR/p209-kids-basic-t-shirt","301","auto","Master product sequence and localized canonical-path alignment","no","no","2026-08-08"
"supabase-legacy-route","/intl/fr-FR/p209-kids-polo-shirt","/intl/fr-FR/p210-kids-polo-shirt","301","auto","Master product sequence and localized canonical-path alignment","no","no","2026-08-08"
"supabase-legacy-route","/intl/fr-FR/p210-kids-hoodie","/intl/fr-FR/p211-kids-hoodie","301","auto","Master product sequence and localized canonical-path alignment","no","no","2026-08-08"
"supabase-legacy-route","/intl/fr-FR/p211-kids-sweatshirt","/intl/fr-FR/p212-kids-sweatshirt","301","auto","Master product sequence and localized canonical-path alignment","no","no","2026-08-08"
"supabase-legacy-route","/intl/fr-FR/p212-kids-jogger","/intl/fr-FR/p213-kids-jogger","301","auto","Master product sequence and localized canonical-path alignment","no","no","2026-08-08"
"supabase-legacy-route","/intl/fr-FR/p213-kids-lounge-set","/intl/fr-FR/p214-kids-lounge-set","301","auto","Master product sequence and localized canonical-path alignment","no","no","2026-08-08"
"supabase-legacy-route","/intl/fr-FR/p214-kids-casual-tracksuit","/intl/fr-FR/p215-kids-casual-tracksuit","301","auto","Master product sequence and localized canonical-path alignment","no","no","2026-08-08"
"supabase-legacy-route","/intl/fr-FR/p215-mens-cotton-pajama-set","/intl/fr-FR/p216-mens-cotton-pajama-set","301","auto","Master product sequence and localized canonical-path alignment","no","no","2026-08-08"
"supabase-legacy-route","/intl/fr-FR/p216-mens-flannel-pajama-set","/intl/fr-FR/p217-mens-flannel-pajama-set","301","auto","Master product sequence and localized canonical-path alignment","no","no","2026-08-08"
"supabase-legacy-route","/intl/fr-FR/p217-mens-satin-pajama-set","/intl/fr-FR/p218-mens-satin-pajama-set","301","auto","Master product sequence and localized canonical-path alignment","no","no","2026-08-08"
"supabase-legacy-route","/intl/fr-FR/p218-mens-silk-pajama-set","/intl/fr-FR/p219-mens-silk-pajama-set","301","auto","Master product sequence and localized canonical-path alignment","no","no","2026-08-08"
"supabase-legacy-route","/intl/fr-FR/p219-mens-night-suit","/intl/fr-FR/p220-mens-night-suit","301","auto","Master product sequence and localized canonical-path alignment","no","no","2026-08-08"
"supabase-legacy-route","/intl/fr-FR/p220-mens-sleep-t-shirt","/intl/fr-FR/p221-mens-sleep-t-shirt","301","auto","Master product sequence and localized canonical-path alignment","no","no","2026-08-08"
"supabase-legacy-route","/intl/fr-FR/p221-mens-sleep-pants","/intl/fr-FR/p222-mens-sleep-pants","301","auto","Master product sequence and localized canonical-path alignment","no","no","2026-08-08"
"supabase-legacy-route","/intl/fr-FR/p222-mens-lounge-set","/intl/fr-FR/p223-mens-lounge-set","301","auto","Master product sequence and localized canonical-path alignment","no","no","2026-08-08"
"supabase-legacy-route","/intl/fr-FR/p223-mens-sleep-robe","/intl/fr-FR/p224-mens-sleep-robe","301","auto","Master product sequence and localized canonical-path alignment","no","no","2026-08-08"
"supabase-legacy-route","/intl/fr-FR/p224-mens-thermal-sleep-set","/intl/fr-FR/p225-mens-thermal-sleep-set","301","auto","Master product sequence and localized canonical-path alignment","no","no","2026-08-08"
"supabase-legacy-route","/intl/fr-FR/p225-womens-cotton-pajama-set","/intl/fr-FR/p226-womens-cotton-pajama-set","301","auto","Master product sequence and localized canonical-path alignment","no","no","2026-08-08"
"supabase-legacy-route","/intl/fr-FR/p226-womens-satin-pajama-set","/intl/fr-FR/p227-womens-satin-pajama-set","301","auto","Master product sequence and localized canonical-path alignment","no","no","2026-08-08"
"supabase-legacy-route","/intl/fr-FR/p227-womens-silk-pajama-set","/intl/fr-FR/p228-womens-silk-pajama-set","301","auto","Master product sequence and localized canonical-path alignment","no","no","2026-08-08"
"supabase-legacy-route","/intl/fr-FR/p228-womens-flannel-pajama-set","/intl/fr-FR/p229-womens-flannel-pajama-set","301","auto","Master product sequence and localized canonical-path alignment","no","no","2026-08-08"
"supabase-legacy-route","/intl/fr-FR/p229-womens-modal-pajama-set","/intl/fr-FR/p230-womens-modal-pajama-set","301","auto","Master product sequence and localized canonical-path alignment","no","no","2026-08-08"
"supabase-legacy-route","/intl/fr-FR/p230-womens-nightgown","/intl/fr-FR/p231-womens-nightgown","301","auto","Master product sequence and localized canonical-path alignment","no","no","2026-08-08"
"supabase-legacy-route","/intl/fr-FR/p231-womens-sleep-shirt","/intl/fr-FR/p232-womens-sleep-shirt","301","auto","Master product sequence and localized canonical-path alignment","no","no","2026-08-08"
"supabase-legacy-route","/intl/fr-FR/p232-womens-oversized-sleep-t-shirt","/intl/fr-FR/p233-womens-oversized-sleep-t-shirt","301","auto","Master product sequence and localized canonical-path alignment","no","no","2026-08-08"
"supabase-legacy-route","/intl/fr-FR/p233-womens-camisole-short-set","/intl/fr-FR/p234-womens-camisole-short-set","301","auto","Master product sequence and localized canonical-path alignment","no","no","2026-08-08"
"supabase-legacy-route","/intl/fr-FR/p234-womens-long-lounge-set","/intl/fr-FR/p235-womens-long-lounge-set","301","auto","Master product sequence and localized canonical-path alignment","no","no","2026-08-08"
"supabase-legacy-route","/intl/fr-FR/p235-womens-satin-robe","/intl/fr-FR/p236-womens-satin-robe","301","auto","Master product sequence and localized canonical-path alignment","no","no","2026-08-08"
"supabase-legacy-route","/intl/fr-FR/p236-womens-plush-robe","/intl/fr-FR/p237-womens-plush-robe","301","auto","Master product sequence and localized canonical-path alignment","no","no","2026-08-08"
"supabase-legacy-route","/intl/fr-FR/p237-womens-lace-trim-night-dress","/intl/fr-FR/p238-womens-lace-trim-night-dress","301","auto","Master product sequence and localized canonical-path alignment","no","no","2026-08-08"
"supabase-legacy-route","/intl/fr-FR/p238-womens-button-down-sleep-set","/intl/fr-FR/p239-womens-button-down-sleep-set","301","auto","Master product sequence and localized canonical-path alignment","no","no","2026-08-08"
"supabase-legacy-route","/intl/fr-FR/p239-womens-thermal-sleep-set","/intl/fr-FR/p240-womens-thermal-sleep-set","301","auto","Master product sequence and localized canonical-path alignment","no","no","2026-08-08"
"supabase-legacy-route","/intl/fr-FR/p240-boys-pajama-set","/intl/fr-FR/p241-boys-pajama-set","301","auto","Master product sequence and localized canonical-path alignment","no","no","2026-08-08"
"supabase-legacy-route","/intl/fr-FR/p241-girls-pajama-set","/intl/fr-FR/p242-girls-pajama-set","301","auto","Master product sequence and localized canonical-path alignment","no","no","2026-08-08"
"supabase-legacy-route","/intl/fr-FR/p242-kids-printed-pajama-set","/intl/fr-FR/p243-kids-printed-pajama-set","301","auto","Master product sequence and localized canonical-path alignment","no","no","2026-08-08"
"supabase-legacy-route","/intl/fr-FR/p243-kids-flannel-pajama-set","/intl/fr-FR/p244-kids-flannel-pajama-set","301","auto","Master product sequence and localized canonical-path alignment","no","no","2026-08-08"
"supabase-legacy-route","/intl/fr-FR/p244-kids-fleece-sleep-set","/intl/fr-FR/p245-kids-fleece-sleep-set","301","auto","Master product sequence and localized canonical-path alignment","no","no","2026-08-08"
"supabase-legacy-route","/intl/fr-FR/p245-kids-onesie","/intl/fr-FR/p246-kids-onesie","301","auto","Master product sequence and localized canonical-path alignment","no","no","2026-08-08"
"supabase-legacy-route","/intl/fr-FR/p246-kids-sleep-robe","/intl/fr-FR/p247-kids-sleep-robe","301","auto","Master product sequence and localized canonical-path alignment","no","no","2026-08-08"
"supabase-legacy-route","/intl/fr-FR/p247-kids-thermal-sleep-set","/intl/fr-FR/p248-kids-thermal-sleep-set","301","auto","Master product sequence and localized canonical-path alignment","no","no","2026-08-08"
"supabase-legacy-route","/intl/fr-FR/p248-hotel-bathrobe","/intl/fr-FR/p249-hotel-bathrobe","301","auto","Master product sequence and localized canonical-path alignment","no","no","2026-08-08"
"supabase-legacy-route","/intl/fr-FR/p249-spa-robe","/intl/fr-FR/p250-spa-robe","301","auto","Master product sequence and localized canonical-path alignment","no","no","2026-08-08"
"supabase-legacy-route","/intl/fr-FR/p250-waffle-robe","/intl/fr-FR/p251-waffle-robe","301","auto","Master product sequence and localized canonical-path alignment","no","no","2026-08-08"
"supabase-legacy-route","/intl/fr-FR/p251-luxury-guest-sleepwear-set","/intl/fr-FR/p252-luxury-guest-sleepwear-set","301","auto","Master product sequence and localized canonical-path alignment","no","no","2026-08-08"
"supabase-legacy-route","/intl/fr-FR/p252-hospitality-slipper-set","/intl/fr-FR/p253-hospitality-slipper-set","301","auto","Master product sequence and localized canonical-path alignment","no","no","2026-08-08"
"supabase-legacy-route","/intl/fr-FR/p253-hotel-pajama-set","/intl/fr-FR/p254-hotel-pajama-set","301","auto","Master product sequence and localized canonical-path alignment","no","no","2026-08-08"
"supabase-legacy-route","/intl/fr-FR/p254-resort-lounge-set","/intl/fr-FR/p255-resort-lounge-set","301","auto","Master product sequence and localized canonical-path alignment","no","no","2026-08-08"
"supabase-legacy-route","/intl/it-IT/p135-oversized-t-shirt","/intl/it-IT/p136-oversized-t-shirt","301","auto","Master product sequence and localized canonical-path alignment","no","no","2026-08-08"
"supabase-legacy-route","/intl/it-IT/p136-heavyweight-t-shirt","/intl/it-IT/p137-heavyweight-t-shirt","301","auto","Master product sequence and localized canonical-path alignment","no","no","2026-08-08"
"supabase-legacy-route","/intl/it-IT/p137-long-sleeve-t-shirt","/intl/it-IT/p138-long-sleeve-t-shirt","301","auto","Master product sequence and localized canonical-path alignment","no","no","2026-08-08"
"supabase-legacy-route","/intl/it-IT/p138-graphic-t-shirt","/intl/it-IT/p139-graphic-t-shirt","301","auto","Master product sequence and localized canonical-path alignment","no","no","2026-08-08"
"supabase-legacy-route","/intl/it-IT/p139-oversized-pullover-hoodie","/intl/it-IT/p140-oversized-pullover-hoodie","301","auto","Master product sequence and localized canonical-path alignment","no","no","2026-08-08"
"supabase-legacy-route","/intl/it-IT/p140-premium-zip-hoodie","/intl/it-IT/p141-premium-zip-hoodie","301","auto","Master product sequence and localized canonical-path alignment","no","no","2026-08-08"
"supabase-legacy-route","/intl/it-IT/p141-cropped-hoodie","/intl/it-IT/p142-cropped-hoodie","301","auto","Master product sequence and localized canonical-path alignment","no","no","2026-08-08"
"supabase-legacy-route","/intl/it-IT/p142-heavyweight-sweatshirt","/intl/it-IT/p143-heavyweight-sweatshirt","301","auto","Master product sequence and localized canonical-path alignment","no","no","2026-08-08"
"supabase-legacy-route","/intl/it-IT/p143-crewneck-sweatshirt","/intl/it-IT/p144-crewneck-sweatshirt","301","auto","Master product sequence and localized canonical-path alignment","no","no","2026-08-08"
"supabase-legacy-route","/intl/it-IT/p144-premium-polo-shirt","/intl/it-IT/p145-streetwear-premium-polo-shirt","301","auto","Master product sequence and localized canonical-path alignment","no","no","2026-08-08"
"supabase-legacy-route","/intl/it-IT/p145-streetwear-shirt","/intl/it-IT/p146-streetwear-shirt","301","auto","Master product sequence and localized canonical-path alignment","no","no","2026-08-08"
"supabase-legacy-route","/intl/it-IT/p146-overshirt","/intl/it-IT/p147-overshirt","301","auto","Master product sequence and localized canonical-path alignment","no","no","2026-08-08"
"supabase-legacy-route","/intl/it-IT/p147-varsity-jacket","/intl/it-IT/p148-varsity-jacket","301","auto","Master product sequence and localized canonical-path alignment","no","no","2026-08-08"
"supabase-legacy-route","/intl/it-IT/p148-coach-jacket","/intl/it-IT/p149-coach-jacket","301","auto","Master product sequence and localized canonical-path alignment","no","no","2026-08-08"
"supabase-legacy-route","/intl/it-IT/p149-streetwear-bomber-jacket","/intl/it-IT/p150-streetwear-bomber-jacket","301","auto","Master product sequence and localized canonical-path alignment","no","no","2026-08-08"
"supabase-legacy-route","/intl/it-IT/p150-puffer-jacket","/intl/it-IT/p151-puffer-jacket","301","auto","Master product sequence and localized canonical-path alignment","no","no","2026-08-08"
"supabase-legacy-route","/intl/it-IT/p151-windbreaker-jacket","/intl/it-IT/p152-windbreaker-jacket","301","auto","Master product sequence and localized canonical-path alignment","no","no","2026-08-08"
"supabase-legacy-route","/intl/it-IT/p152-utility-jacket","/intl/it-IT/p153-utility-jacket","301","auto","Master product sequence and localized canonical-path alignment","no","no","2026-08-08"
"supabase-legacy-route","/intl/it-IT/p153-sherpa-jacket","/intl/it-IT/p154-sherpa-jacket","301","auto","Master product sequence and localized canonical-path alignment","no","no","2026-08-08"
"supabase-legacy-route","/intl/it-IT/p154-technical-shell-jacket","/intl/it-IT/p155-technical-shell-jacket","301","auto","Master product sequence and localized canonical-path alignment","no","no","2026-08-08"
"supabase-legacy-route","/intl/it-IT/p155-cargo-pants","/intl/it-IT/p156-cargo-pants","301","auto","Master product sequence and localized canonical-path alignment","no","no","2026-08-08"
"supabase-legacy-route","/intl/it-IT/p156-parachute-pants","/intl/it-IT/p157-parachute-pants","301","auto","Master product sequence and localized canonical-path alignment","no","no","2026-08-08"
"supabase-legacy-route","/intl/it-IT/p157-jogger-pants","/intl/it-IT/p158-jogger-pants","301","auto","Master product sequence and localized canonical-path alignment","no","no","2026-08-08"
"supabase-legacy-route","/intl/it-IT/p158-sweatpants","/intl/it-IT/p159-sweatpants","301","auto","Master product sequence and localized canonical-path alignment","no","no","2026-08-08"
"supabase-legacy-route","/intl/it-IT/p159-wide-leg-pants","/intl/it-IT/p160-wide-leg-pants","301","auto","Master product sequence and localized canonical-path alignment","no","no","2026-08-08"
"supabase-legacy-route","/intl/it-IT/p160-cargo-shorts","/intl/it-IT/p161-cargo-shorts","301","auto","Master product sequence and localized canonical-path alignment","no","no","2026-08-08"
"supabase-legacy-route","/intl/it-IT/p161-sweat-shorts","/intl/it-IT/p162-sweat-shorts","301","auto","Master product sequence and localized canonical-path alignment","no","no","2026-08-08"
"supabase-legacy-route","/intl/it-IT/p162-tech-fleece-tracksuit","/intl/it-IT/p163-tech-fleece-tracksuit","301","auto","Master product sequence and localized canonical-path alignment","no","no","2026-08-08"
"supabase-legacy-route","/intl/it-IT/p163-track-pants","/intl/it-IT/p164-track-pants","301","auto","Master product sequence and localized canonical-path alignment","no","no","2026-08-08"
"supabase-legacy-route","/intl/it-IT/p164-utility-shorts","/intl/it-IT/p165-utility-shorts","301","auto","Master product sequence and localized canonical-path alignment","no","no","2026-08-08"
"supabase-legacy-route","/intl/it-IT/p165-oversized-hoodie-jogger-set","/intl/it-IT/p166-oversized-hoodie-jogger-set","301","auto","Master product sequence and localized canonical-path alignment","no","no","2026-08-08"
"supabase-legacy-route","/intl/it-IT/p166-zip-hoodie-jogger-set","/intl/it-IT/p167-zip-hoodie-jogger-set","301","auto","Master product sequence and localized canonical-path alignment","no","no","2026-08-08"
"supabase-legacy-route","/intl/it-IT/p167-sweatshirt-jogger-set","/intl/it-IT/p168-sweatshirt-jogger-set","301","auto","Master product sequence and localized canonical-path alignment","no","no","2026-08-08"
"supabase-legacy-route","/intl/it-IT/p168-streetwear-tracksuit","/intl/it-IT/p169-streetwear-tracksuit","301","auto","Master product sequence and localized canonical-path alignment","no","no","2026-08-08"
"supabase-legacy-route","/intl/it-IT/p169-cargo-tracksuit","/intl/it-IT/p170-cargo-tracksuit","301","auto","Master product sequence and localized canonical-path alignment","no","no","2026-08-08"
"supabase-legacy-route","/intl/it-IT/p170-techwear-set","/intl/it-IT/p171-techwear-set","301","auto","Master product sequence and localized canonical-path alignment","no","no","2026-08-08"
"supabase-legacy-route","/intl/it-IT/p171-summer-t-shirt-shorts-set","/intl/it-IT/p172-summer-t-shirt-shorts-set","301","auto","Master product sequence and localized canonical-path alignment","no","no","2026-08-08"
"supabase-legacy-route","/intl/it-IT/p172-womens-oversized-t-shirt","/intl/it-IT/p173-womens-oversized-t-shirt","301","auto","Master product sequence and localized canonical-path alignment","no","no","2026-08-08"
"supabase-legacy-route","/intl/it-IT/p173-womens-cropped-t-shirt","/intl/it-IT/p174-womens-cropped-t-shirt","301","auto","Master product sequence and localized canonical-path alignment","no","no","2026-08-08"
"supabase-legacy-route","/intl/it-IT/p174-womens-oversized-hoodie","/intl/it-IT/p175-womens-oversized-hoodie","301","auto","Master product sequence and localized canonical-path alignment","no","no","2026-08-08"
"supabase-legacy-route","/intl/it-IT/p175-womens-cargo-pants","/intl/it-IT/p176-womens-cargo-pants","301","auto","Master product sequence and localized canonical-path alignment","no","no","2026-08-08"
"supabase-legacy-route","/intl/it-IT/p176-womens-parachute-pants","/intl/it-IT/p177-womens-parachute-pants","301","auto","Master product sequence and localized canonical-path alignment","no","no","2026-08-08"
"supabase-legacy-route","/intl/it-IT/p177-womens-cropped-hoodie","/intl/it-IT/p178-womens-cropped-hoodie","301","auto","Master product sequence and localized canonical-path alignment","no","no","2026-08-08"
"supabase-legacy-route","/intl/it-IT/p178-womens-cargo-shorts","/intl/it-IT/p179-womens-cargo-shorts","301","auto","Master product sequence and localized canonical-path alignment","no","no","2026-08-08"
"supabase-legacy-route","/intl/it-IT/p179-womens-streetwear-tracksuit","/intl/it-IT/p180-womens-streetwear-tracksuit","301","auto","Master product sequence and localized canonical-path alignment","no","no","2026-08-08"
"supabase-legacy-route","/intl/it-IT/p180-casual-button-up-shirt","/intl/it-IT/p181-casual-button-up-shirt","301","auto","Master product sequence and localized canonical-path alignment","no","no","2026-08-08"
"supabase-legacy-route","/intl/it-IT/p181-essential-crewneck-t-shirt","/intl/it-IT/p182-essential-crewneck-t-shirt","301","auto","Master product sequence and localized canonical-path alignment","no","no","2026-08-08"
"supabase-legacy-route","/intl/it-IT/p182-essential-v-neck-t-shirt","/intl/it-IT/p183-essential-v-neck-t-shirt","301","auto","Master product sequence and localized canonical-path alignment","no","no","2026-08-08"
"supabase-legacy-route","/intl/it-IT/p183-henley-short-sleeve-shirt","/intl/it-IT/p184-henley-short-sleeve-shirt","301","auto","Master product sequence and localized canonical-path alignment","no","no","2026-08-08"
"supabase-legacy-route","/intl/it-IT/p184-henley-long-sleeve-shirt","/intl/it-IT/p185-henley-long-sleeve-shirt","301","auto","Master product sequence and localized canonical-path alignment","no","no","2026-08-08"
"supabase-legacy-route","/intl/it-IT/p185-premium-polo-shirt","/intl/it-IT/p186-mens-premium-polo-shirt","301","auto","Master product sequence and localized canonical-path alignment","no","no","2026-08-08"
"supabase-legacy-route","/intl/it-IT/p186-cotton-chino-shorts","/intl/it-IT/p187-cotton-chino-shorts","301","auto","Master product sequence and localized canonical-path alignment","no","no","2026-08-08"
"supabase-legacy-route","/intl/it-IT/p187-casual-chino-pants","/intl/it-IT/p188-casual-chino-pants","301","auto","Master product sequence and localized canonical-path alignment","no","no","2026-08-08"
"supabase-legacy-route","/intl/it-IT/p188-lounge-shorts","/intl/it-IT/p189-lounge-shorts","301","auto","Master product sequence and localized canonical-path alignment","no","no","2026-08-08"
"supabase-legacy-route","/intl/it-IT/p189-casual-jogger","/intl/it-IT/p190-casual-jogger","301","auto","Master product sequence and localized canonical-path alignment","no","no","2026-08-08"
"supabase-legacy-route","/intl/it-IT/p190-womens-relaxed-t-shirt","/intl/it-IT/p191-womens-relaxed-t-shirt","301","auto","Master product sequence and localized canonical-path alignment","no","no","2026-08-08"
"supabase-legacy-route","/intl/it-IT/p191-womens-long-sleeve-top","/intl/it-IT/p192-womens-long-sleeve-top","301","auto","Master product sequence and localized canonical-path alignment","no","no","2026-08-08"
"supabase-legacy-route","/intl/it-IT/p192-womens-casual-blouse","/intl/it-IT/p193-womens-casual-blouse","301","auto","Master product sequence and localized canonical-path alignment","no","no","2026-08-08"
"supabase-legacy-route","/intl/it-IT/p193-womens-polo-shirt","/intl/it-IT/p194-womens-polo-shirt","301","auto","Master product sequence and localized canonical-path alignment","no","no","2026-08-08"
"supabase-legacy-route","/intl/it-IT/p194-womens-lounge-pants","/intl/it-IT/p195-womens-lounge-pants","301","auto","Master product sequence and localized canonical-path alignment","no","no","2026-08-08"
"supabase-legacy-route","/intl/it-IT/p195-womens-lounge-shorts","/intl/it-IT/p196-womens-lounge-shorts","301","auto","Master product sequence and localized canonical-path alignment","no","no","2026-08-08"
"supabase-legacy-route","/intl/it-IT/p196-womens-casual-jogger","/intl/it-IT/p197-womens-casual-jogger","301","auto","Master product sequence and localized canonical-path alignment","no","no","2026-08-08"
"supabase-legacy-route","/intl/it-IT/p197-womens-relaxed-set","/intl/it-IT/p198-womens-relaxed-set","301","auto","Master product sequence and localized canonical-path alignment","no","no","2026-08-08"
"supabase-legacy-route","/intl/it-IT/p198-womens-lightwear-cardigan","/intl/it-IT/p199-womens-lightwear-cardigan","301","auto","Master product sequence and localized canonical-path alignment","no","no","2026-08-08"
"supabase-legacy-route","/intl/it-IT/p199-womens-casual-zip-jacket","/intl/it-IT/p200-womens-casual-zip-jacket","301","auto","Master product sequence and localized canonical-path alignment","no","no","2026-08-08"
"supabase-legacy-route","/intl/it-IT/p200-unisex-crewneck-t-shirt","/intl/it-IT/p201-unisex-crewneck-t-shirt","301","auto","Master product sequence and localized canonical-path alignment","no","no","2026-08-08"
"supabase-legacy-route","/intl/it-IT/p201-unisex-pullover-sweatshirt","/intl/it-IT/p202-unisex-pullover-sweatshirt","301","auto","Master product sequence and localized canonical-path alignment","no","no","2026-08-08"
"supabase-legacy-route","/intl/it-IT/p202-unisex-zip-sweatshirt","/intl/it-IT/p203-unisex-zip-sweatshirt","301","auto","Master product sequence and localized canonical-path alignment","no","no","2026-08-08"
"supabase-legacy-route","/intl/it-IT/p203-unisex-lightweight-hoodie","/intl/it-IT/p204-unisex-lightweight-hoodie","301","auto","Master product sequence and localized canonical-path alignment","no","no","2026-08-08"
"supabase-legacy-route","/intl/it-IT/p204-unisex-lounge-set","/intl/it-IT/p205-unisex-lounge-set","301","auto","Master product sequence and localized canonical-path alignment","no","no","2026-08-08"
"supabase-legacy-route","/intl/it-IT/p205-unisex-fleece-jacket","/intl/it-IT/p206-unisex-fleece-jacket","301","auto","Master product sequence and localized canonical-path alignment","no","no","2026-08-08"
"supabase-legacy-route","/intl/it-IT/p206-unisex-casual-tracksuit","/intl/it-IT/p207-unisex-casual-tracksuit","301","auto","Master product sequence and localized canonical-path alignment","no","no","2026-08-08"
"supabase-legacy-route","/intl/it-IT/p207-unisex-oversized-t-shirt","/intl/it-IT/p208-unisex-oversized-t-shirt","301","auto","Master product sequence and localized canonical-path alignment","no","no","2026-08-08"
"supabase-legacy-route","/intl/it-IT/p208-kids-basic-t-shirt","/intl/it-IT/p209-kids-basic-t-shirt","301","auto","Master product sequence and localized canonical-path alignment","no","no","2026-08-08"
"supabase-legacy-route","/intl/it-IT/p209-kids-polo-shirt","/intl/it-IT/p210-kids-polo-shirt","301","auto","Master product sequence and localized canonical-path alignment","no","no","2026-08-08"
"supabase-legacy-route","/intl/it-IT/p210-kids-hoodie","/intl/it-IT/p211-kids-hoodie","301","auto","Master product sequence and localized canonical-path alignment","no","no","2026-08-08"
"supabase-legacy-route","/intl/it-IT/p211-kids-sweatshirt","/intl/it-IT/p212-kids-sweatshirt","301","auto","Master product sequence and localized canonical-path alignment","no","no","2026-08-08"
"supabase-legacy-route","/intl/it-IT/p212-kids-jogger","/intl/it-IT/p213-kids-jogger","301","auto","Master product sequence and localized canonical-path alignment","no","no","2026-08-08"
"supabase-legacy-route","/intl/it-IT/p213-kids-lounge-set","/intl/it-IT/p214-kids-lounge-set","301","auto","Master product sequence and localized canonical-path alignment","no","no","2026-08-08"
"supabase-legacy-route","/intl/it-IT/p214-kids-casual-tracksuit","/intl/it-IT/p215-kids-casual-tracksuit","301","auto","Master product sequence and localized canonical-path alignment","no","no","2026-08-08"
"supabase-legacy-route","/intl/it-IT/p215-mens-cotton-pajama-set","/intl/it-IT/p216-mens-cotton-pajama-set","301","auto","Master product sequence and localized canonical-path alignment","no","no","2026-08-08"
"supabase-legacy-route","/intl/it-IT/p216-mens-flannel-pajama-set","/intl/it-IT/p217-mens-flannel-pajama-set","301","auto","Master product sequence and localized canonical-path alignment","no","no","2026-08-08"
"supabase-legacy-route","/intl/it-IT/p217-mens-satin-pajama-set","/intl/it-IT/p218-mens-satin-pajama-set","301","auto","Master product sequence and localized canonical-path alignment","no","no","2026-08-08"
"supabase-legacy-route","/intl/it-IT/p218-mens-silk-pajama-set","/intl/it-IT/p219-mens-silk-pajama-set","301","auto","Master product sequence and localized canonical-path alignment","no","no","2026-08-08"
"supabase-legacy-route","/intl/it-IT/p219-mens-night-suit","/intl/it-IT/p220-mens-night-suit","301","auto","Master product sequence and localized canonical-path alignment","no","no","2026-08-08"
"supabase-legacy-route","/intl/it-IT/p220-mens-sleep-t-shirt","/intl/it-IT/p221-mens-sleep-t-shirt","301","auto","Master product sequence and localized canonical-path alignment","no","no","2026-08-08"
"supabase-legacy-route","/intl/it-IT/p221-mens-sleep-pants","/intl/it-IT/p222-mens-sleep-pants","301","auto","Master product sequence and localized canonical-path alignment","no","no","2026-08-08"
"supabase-legacy-route","/intl/it-IT/p222-mens-lounge-set","/intl/it-IT/p223-mens-lounge-set","301","auto","Master product sequence and localized canonical-path alignment","no","no","2026-08-08"
"supabase-legacy-route","/intl/it-IT/p223-mens-sleep-robe","/intl/it-IT/p224-mens-sleep-robe","301","auto","Master product sequence and localized canonical-path alignment","no","no","2026-08-08"
"supabase-legacy-route","/intl/it-IT/p224-mens-thermal-sleep-set","/intl/it-IT/p225-mens-thermal-sleep-set","301","auto","Master product sequence and localized canonical-path alignment","no","no","2026-08-08"
"supabase-legacy-route","/intl/it-IT/p225-womens-cotton-pajama-set","/intl/it-IT/p226-womens-cotton-pajama-set","301","auto","Master product sequence and localized canonical-path alignment","no","no","2026-08-08"
"supabase-legacy-route","/intl/it-IT/p226-womens-satin-pajama-set","/intl/it-IT/p227-womens-satin-pajama-set","301","auto","Master product sequence and localized canonical-path alignment","no","no","2026-08-08"
"supabase-legacy-route","/intl/it-IT/p227-womens-silk-pajama-set","/intl/it-IT/p228-womens-silk-pajama-set","301","auto","Master product sequence and localized canonical-path alignment","no","no","2026-08-08"
"supabase-legacy-route","/intl/it-IT/p228-womens-flannel-pajama-set","/intl/it-IT/p229-womens-flannel-pajama-set","301","auto","Master product sequence and localized canonical-path alignment","no","no","2026-08-08"
"supabase-legacy-route","/intl/it-IT/p229-womens-modal-pajama-set","/intl/it-IT/p230-womens-modal-pajama-set","301","auto","Master product sequence and localized canonical-path alignment","no","no","2026-08-08"
"supabase-legacy-route","/intl/it-IT/p230-womens-nightgown","/intl/it-IT/p231-womens-nightgown","301","auto","Master product sequence and localized canonical-path alignment","no","no","2026-08-08"
"supabase-legacy-route","/intl/it-IT/p231-womens-sleep-shirt","/intl/it-IT/p232-womens-sleep-shirt","301","auto","Master product sequence and localized canonical-path alignment","no","no","2026-08-08"
"supabase-legacy-route","/intl/it-IT/p232-womens-oversized-sleep-t-shirt","/intl/it-IT/p233-womens-oversized-sleep-t-shirt","301","auto","Master product sequence and localized canonical-path alignment","no","no","2026-08-08"
"supabase-legacy-route","/intl/it-IT/p233-womens-camisole-short-set","/intl/it-IT/p234-womens-camisole-short-set","301","auto","Master product sequence and localized canonical-path alignment","no","no","2026-08-08"
"supabase-legacy-route","/intl/it-IT/p234-womens-long-lounge-set","/intl/it-IT/p235-womens-long-lounge-set","301","auto","Master product sequence and localized canonical-path alignment","no","no","2026-08-08"
"supabase-legacy-route","/intl/it-IT/p235-womens-satin-robe","/intl/it-IT/p236-womens-satin-robe","301","auto","Master product sequence and localized canonical-path alignment","no","no","2026-08-08"
"supabase-legacy-route","/intl/it-IT/p236-womens-plush-robe","/intl/it-IT/p237-womens-plush-robe","301","auto","Master product sequence and localized canonical-path alignment","no","no","2026-08-08"
"supabase-legacy-route","/intl/it-IT/p237-womens-lace-trim-night-dress","/intl/it-IT/p238-womens-lace-trim-night-dress","301","auto","Master product sequence and localized canonical-path alignment","no","no","2026-08-08"
"supabase-legacy-route","/intl/it-IT/p238-womens-button-down-sleep-set","/intl/it-IT/p239-womens-button-down-sleep-set","301","auto","Master product sequence and localized canonical-path alignment","no","no","2026-08-08"
"supabase-legacy-route","/intl/it-IT/p239-womens-thermal-sleep-set","/intl/it-IT/p240-womens-thermal-sleep-set","301","auto","Master product sequence and localized canonical-path alignment","no","no","2026-08-08"
"supabase-legacy-route","/intl/it-IT/p240-boys-pajama-set","/intl/it-IT/p241-boys-pajama-set","301","auto","Master product sequence and localized canonical-path alignment","no","no","2026-08-08"
"supabase-legacy-route","/intl/it-IT/p241-girls-pajama-set","/intl/it-IT/p242-girls-pajama-set","301","auto","Master product sequence and localized canonical-path alignment","no","no","2026-08-08"
"supabase-legacy-route","/intl/it-IT/p242-kids-printed-pajama-set","/intl/it-IT/p243-kids-printed-pajama-set","301","auto","Master product sequence and localized canonical-path alignment","no","no","2026-08-08"
"supabase-legacy-route","/intl/it-IT/p243-kids-flannel-pajama-set","/intl/it-IT/p244-kids-flannel-pajama-set","301","auto","Master product sequence and localized canonical-path alignment","no","no","2026-08-08"
"supabase-legacy-route","/intl/it-IT/p244-kids-fleece-sleep-set","/intl/it-IT/p245-kids-fleece-sleep-set","301","auto","Master product sequence and localized canonical-path alignment","no","no","2026-08-08"
"supabase-legacy-route","/intl/it-IT/p245-kids-onesie","/intl/it-IT/p246-kids-onesie","301","auto","Master product sequence and localized canonical-path alignment","no","no","2026-08-08"
"supabase-legacy-route","/intl/it-IT/p246-kids-sleep-robe","/intl/it-IT/p247-kids-sleep-robe","301","auto","Master product sequence and localized canonical-path alignment","no","no","2026-08-08"
"supabase-legacy-route","/intl/it-IT/p247-kids-thermal-sleep-set","/intl/it-IT/p248-kids-thermal-sleep-set","301","auto","Master product sequence and localized canonical-path alignment","no","no","2026-08-08"
"supabase-legacy-route","/intl/it-IT/p248-hotel-bathrobe","/intl/it-IT/p249-hotel-bathrobe","301","auto","Master product sequence and localized canonical-path alignment","no","no","2026-08-08"
"supabase-legacy-route","/intl/it-IT/p249-spa-robe","/intl/it-IT/p250-spa-robe","301","auto","Master product sequence and localized canonical-path alignment","no","no","2026-08-08"
"supabase-legacy-route","/intl/it-IT/p250-waffle-robe","/intl/it-IT/p251-waffle-robe","301","auto","Master product sequence and localized canonical-path alignment","no","no","2026-08-08"
"supabase-legacy-route","/intl/it-IT/p251-luxury-guest-sleepwear-set","/intl/it-IT/p252-luxury-guest-sleepwear-set","301","auto","Master product sequence and localized canonical-path alignment","no","no","2026-08-08"
"supabase-legacy-route","/intl/it-IT/p252-hospitality-slipper-set","/intl/it-IT/p253-hospitality-slipper-set","301","auto","Master product sequence and localized canonical-path alignment","no","no","2026-08-08"
"supabase-legacy-route","/intl/it-IT/p253-hotel-pajama-set","/intl/it-IT/p254-hotel-pajama-set","301","auto","Master product sequence and localized canonical-path alignment","no","no","2026-08-08"
"supabase-legacy-route","/intl/it-IT/p254-resort-lounge-set","/intl/it-IT/p255-resort-lounge-set","301","auto","Master product sequence and localized canonical-path alignment","no","no","2026-08-08"
"supabase-legacy-route","/intl/nl-NL/p135-oversized-t-shirt","/intl/nl-NL/p136-oversized-t-shirt","301","auto","Master product sequence and localized canonical-path alignment","no","no","2026-08-08"
"supabase-legacy-route","/intl/nl-NL/p136-heavyweight-t-shirt","/intl/nl-NL/p137-heavyweight-t-shirt","301","auto","Master product sequence and localized canonical-path alignment","no","no","2026-08-08"
"supabase-legacy-route","/intl/nl-NL/p137-long-sleeve-t-shirt","/intl/nl-NL/p138-long-sleeve-t-shirt","301","auto","Master product sequence and localized canonical-path alignment","no","no","2026-08-08"
"supabase-legacy-route","/intl/nl-NL/p138-graphic-t-shirt","/intl/nl-NL/p139-graphic-t-shirt","301","auto","Master product sequence and localized canonical-path alignment","no","no","2026-08-08"
"supabase-legacy-route","/intl/nl-NL/p139-oversized-pullover-hoodie","/intl/nl-NL/p140-oversized-pullover-hoodie","301","auto","Master product sequence and localized canonical-path alignment","no","no","2026-08-08"
"supabase-legacy-route","/intl/nl-NL/p140-premium-zip-hoodie","/intl/nl-NL/p141-premium-zip-hoodie","301","auto","Master product sequence and localized canonical-path alignment","no","no","2026-08-08"
"supabase-legacy-route","/intl/nl-NL/p141-cropped-hoodie","/intl/nl-NL/p142-cropped-hoodie","301","auto","Master product sequence and localized canonical-path alignment","no","no","2026-08-08"
"supabase-legacy-route","/intl/nl-NL/p142-heavyweight-sweatshirt","/intl/nl-NL/p143-heavyweight-sweatshirt","301","auto","Master product sequence and localized canonical-path alignment","no","no","2026-08-08"
"supabase-legacy-route","/intl/nl-NL/p143-crewneck-sweatshirt","/intl/nl-NL/p144-crewneck-sweatshirt","301","auto","Master product sequence and localized canonical-path alignment","no","no","2026-08-08"
"supabase-legacy-route","/intl/nl-NL/p144-premium-polo-shirt","/intl/nl-NL/p145-streetwear-premium-polo-shirt","301","auto","Master product sequence and localized canonical-path alignment","no","no","2026-08-08"
"supabase-legacy-route","/intl/nl-NL/p145-streetwear-shirt","/intl/nl-NL/p146-streetwear-shirt","301","auto","Master product sequence and localized canonical-path alignment","no","no","2026-08-08"
"supabase-legacy-route","/intl/nl-NL/p146-overshirt","/intl/nl-NL/p147-overshirt","301","auto","Master product sequence and localized canonical-path alignment","no","no","2026-08-08"
"supabase-legacy-route","/intl/nl-NL/p147-varsity-jacket","/intl/nl-NL/p148-varsity-jacket","301","auto","Master product sequence and localized canonical-path alignment","no","no","2026-08-08"
"supabase-legacy-route","/intl/nl-NL/p148-coach-jacket","/intl/nl-NL/p149-coach-jacket","301","auto","Master product sequence and localized canonical-path alignment","no","no","2026-08-08"
"supabase-legacy-route","/intl/nl-NL/p149-streetwear-bomber-jacket","/intl/nl-NL/p150-streetwear-bomber-jacket","301","auto","Master product sequence and localized canonical-path alignment","no","no","2026-08-08"
"supabase-legacy-route","/intl/nl-NL/p150-puffer-jacket","/intl/nl-NL/p151-puffer-jacket","301","auto","Master product sequence and localized canonical-path alignment","no","no","2026-08-08"
"supabase-legacy-route","/intl/nl-NL/p151-windbreaker-jacket","/intl/nl-NL/p152-windbreaker-jacket","301","auto","Master product sequence and localized canonical-path alignment","no","no","2026-08-08"
"supabase-legacy-route","/intl/nl-NL/p152-utility-jacket","/intl/nl-NL/p153-utility-jacket","301","auto","Master product sequence and localized canonical-path alignment","no","no","2026-08-08"
"supabase-legacy-route","/intl/nl-NL/p153-sherpa-jacket","/intl/nl-NL/p154-sherpa-jacket","301","auto","Master product sequence and localized canonical-path alignment","no","no","2026-08-08"
"supabase-legacy-route","/intl/nl-NL/p154-technical-shell-jacket","/intl/nl-NL/p155-technical-shell-jacket","301","auto","Master product sequence and localized canonical-path alignment","no","no","2026-08-08"
"supabase-legacy-route","/intl/nl-NL/p155-cargo-pants","/intl/nl-NL/p156-cargo-pants","301","auto","Master product sequence and localized canonical-path alignment","no","no","2026-08-08"
"supabase-legacy-route","/intl/nl-NL/p156-parachute-pants","/intl/nl-NL/p157-parachute-pants","301","auto","Master product sequence and localized canonical-path alignment","no","no","2026-08-08"
"supabase-legacy-route","/intl/nl-NL/p157-jogger-pants","/intl/nl-NL/p158-jogger-pants","301","auto","Master product sequence and localized canonical-path alignment","no","no","2026-08-08"
"supabase-legacy-route","/intl/nl-NL/p158-sweatpants","/intl/nl-NL/p159-sweatpants","301","auto","Master product sequence and localized canonical-path alignment","no","no","2026-08-08"
"supabase-legacy-route","/intl/nl-NL/p159-wide-leg-pants","/intl/nl-NL/p160-wide-leg-pants","301","auto","Master product sequence and localized canonical-path alignment","no","no","2026-08-08"
"supabase-legacy-route","/intl/nl-NL/p160-cargo-shorts","/intl/nl-NL/p161-cargo-shorts","301","auto","Master product sequence and localized canonical-path alignment","no","no","2026-08-08"
"supabase-legacy-route","/intl/nl-NL/p161-sweat-shorts","/intl/nl-NL/p162-sweat-shorts","301","auto","Master product sequence and localized canonical-path alignment","no","no","2026-08-08"
"supabase-legacy-route","/intl/nl-NL/p162-tech-fleece-tracksuit","/intl/nl-NL/p163-tech-fleece-tracksuit","301","auto","Master product sequence and localized canonical-path alignment","no","no","2026-08-08"
"supabase-legacy-route","/intl/nl-NL/p163-track-pants","/intl/nl-NL/p164-track-pants","301","auto","Master product sequence and localized canonical-path alignment","no","no","2026-08-08"
"supabase-legacy-route","/intl/nl-NL/p164-utility-shorts","/intl/nl-NL/p165-utility-shorts","301","auto","Master product sequence and localized canonical-path alignment","no","no","2026-08-08"
"supabase-legacy-route","/intl/nl-NL/p165-oversized-hoodie-jogger-set","/intl/nl-NL/p166-oversized-hoodie-jogger-set","301","auto","Master product sequence and localized canonical-path alignment","no","no","2026-08-08"
"supabase-legacy-route","/intl/nl-NL/p166-zip-hoodie-jogger-set","/intl/nl-NL/p167-zip-hoodie-jogger-set","301","auto","Master product sequence and localized canonical-path alignment","no","no","2026-08-08"
"supabase-legacy-route","/intl/nl-NL/p167-sweatshirt-jogger-set","/intl/nl-NL/p168-sweatshirt-jogger-set","301","auto","Master product sequence and localized canonical-path alignment","no","no","2026-08-08"
"supabase-legacy-route","/intl/nl-NL/p168-streetwear-tracksuit","/intl/nl-NL/p169-streetwear-tracksuit","301","auto","Master product sequence and localized canonical-path alignment","no","no","2026-08-08"
"supabase-legacy-route","/intl/nl-NL/p169-cargo-tracksuit","/intl/nl-NL/p170-cargo-tracksuit","301","auto","Master product sequence and localized canonical-path alignment","no","no","2026-08-08"
"supabase-legacy-route","/intl/nl-NL/p170-techwear-set","/intl/nl-NL/p171-techwear-set","301","auto","Master product sequence and localized canonical-path alignment","no","no","2026-08-08"
"supabase-legacy-route","/intl/nl-NL/p171-summer-t-shirt-shorts-set","/intl/nl-NL/p172-summer-t-shirt-shorts-set","301","auto","Master product sequence and localized canonical-path alignment","no","no","2026-08-08"
"supabase-legacy-route","/intl/nl-NL/p172-womens-oversized-t-shirt","/intl/nl-NL/p173-womens-oversized-t-shirt","301","auto","Master product sequence and localized canonical-path alignment","no","no","2026-08-08"
"supabase-legacy-route","/intl/nl-NL/p173-womens-cropped-t-shirt","/intl/nl-NL/p174-womens-cropped-t-shirt","301","auto","Master product sequence and localized canonical-path alignment","no","no","2026-08-08"
"supabase-legacy-route","/intl/nl-NL/p174-womens-oversized-hoodie","/intl/nl-NL/p175-womens-oversized-hoodie","301","auto","Master product sequence and localized canonical-path alignment","no","no","2026-08-08"
"supabase-legacy-route","/intl/nl-NL/p175-womens-cargo-pants","/intl/nl-NL/p176-womens-cargo-pants","301","auto","Master product sequence and localized canonical-path alignment","no","no","2026-08-08"
"supabase-legacy-route","/intl/nl-NL/p176-womens-parachute-pants","/intl/nl-NL/p177-womens-parachute-pants","301","auto","Master product sequence and localized canonical-path alignment","no","no","2026-08-08"
"supabase-legacy-route","/intl/nl-NL/p177-womens-cropped-hoodie","/intl/nl-NL/p178-womens-cropped-hoodie","301","auto","Master product sequence and localized canonical-path alignment","no","no","2026-08-08"
"supabase-legacy-route","/intl/nl-NL/p178-womens-cargo-shorts","/intl/nl-NL/p179-womens-cargo-shorts","301","auto","Master product sequence and localized canonical-path alignment","no","no","2026-08-08"
"supabase-legacy-route","/intl/nl-NL/p179-womens-streetwear-tracksuit","/intl/nl-NL/p180-womens-streetwear-tracksuit","301","auto","Master product sequence and localized canonical-path alignment","no","no","2026-08-08"
"supabase-legacy-route","/intl/nl-NL/p180-casual-button-up-shirt","/intl/nl-NL/p181-casual-button-up-shirt","301","auto","Master product sequence and localized canonical-path alignment","no","no","2026-08-08"
"supabase-legacy-route","/intl/nl-NL/p181-essential-crewneck-t-shirt","/intl/nl-NL/p182-essential-crewneck-t-shirt","301","auto","Master product sequence and localized canonical-path alignment","no","no","2026-08-08"
"supabase-legacy-route","/intl/nl-NL/p182-essential-v-neck-t-shirt","/intl/nl-NL/p183-essential-v-neck-t-shirt","301","auto","Master product sequence and localized canonical-path alignment","no","no","2026-08-08"
"supabase-legacy-route","/intl/nl-NL/p183-henley-short-sleeve-shirt","/intl/nl-NL/p184-henley-short-sleeve-shirt","301","auto","Master product sequence and localized canonical-path alignment","no","no","2026-08-08"
"supabase-legacy-route","/intl/nl-NL/p184-henley-long-sleeve-shirt","/intl/nl-NL/p185-henley-long-sleeve-shirt","301","auto","Master product sequence and localized canonical-path alignment","no","no","2026-08-08"
"supabase-legacy-route","/intl/nl-NL/p185-premium-polo-shirt","/intl/nl-NL/p186-mens-premium-polo-shirt","301","auto","Master product sequence and localized canonical-path alignment","no","no","2026-08-08"
"supabase-legacy-route","/intl/nl-NL/p186-cotton-chino-shorts","/intl/nl-NL/p187-cotton-chino-shorts","301","auto","Master product sequence and localized canonical-path alignment","no","no","2026-08-08"
"supabase-legacy-route","/intl/nl-NL/p187-casual-chino-pants","/intl/nl-NL/p188-casual-chino-pants","301","auto","Master product sequence and localized canonical-path alignment","no","no","2026-08-08"
"supabase-legacy-route","/intl/nl-NL/p188-lounge-shorts","/intl/nl-NL/p189-lounge-shorts","301","auto","Master product sequence and localized canonical-path alignment","no","no","2026-08-08"
"supabase-legacy-route","/intl/nl-NL/p189-casual-jogger","/intl/nl-NL/p190-casual-jogger","301","auto","Master product sequence and localized canonical-path alignment","no","no","2026-08-08"
"supabase-legacy-route","/intl/nl-NL/p190-womens-relaxed-t-shirt","/intl/nl-NL/p191-womens-relaxed-t-shirt","301","auto","Master product sequence and localized canonical-path alignment","no","no","2026-08-08"
"supabase-legacy-route","/intl/nl-NL/p191-womens-long-sleeve-top","/intl/nl-NL/p192-womens-long-sleeve-top","301","auto","Master product sequence and localized canonical-path alignment","no","no","2026-08-08"
"supabase-legacy-route","/intl/nl-NL/p192-womens-casual-blouse","/intl/nl-NL/p193-womens-casual-blouse","301","auto","Master product sequence and localized canonical-path alignment","no","no","2026-08-08"
"supabase-legacy-route","/intl/nl-NL/p193-womens-polo-shirt","/intl/nl-NL/p194-womens-polo-shirt","301","auto","Master product sequence and localized canonical-path alignment","no","no","2026-08-08"
"supabase-legacy-route","/intl/nl-NL/p194-womens-lounge-pants","/intl/nl-NL/p195-womens-lounge-pants","301","auto","Master product sequence and localized canonical-path alignment","no","no","2026-08-08"
"supabase-legacy-route","/intl/nl-NL/p195-womens-lounge-shorts","/intl/nl-NL/p196-womens-lounge-shorts","301","auto","Master product sequence and localized canonical-path alignment","no","no","2026-08-08"
"supabase-legacy-route","/intl/nl-NL/p196-womens-casual-jogger","/intl/nl-NL/p197-womens-casual-jogger","301","auto","Master product sequence and localized canonical-path alignment","no","no","2026-08-08"
"supabase-legacy-route","/intl/nl-NL/p197-womens-relaxed-set","/intl/nl-NL/p198-womens-relaxed-set","301","auto","Master product sequence and localized canonical-path alignment","no","no","2026-08-08"
"supabase-legacy-route","/intl/nl-NL/p198-womens-lightwear-cardigan","/intl/nl-NL/p199-womens-lightwear-cardigan","301","auto","Master product sequence and localized canonical-path alignment","no","no","2026-08-08"
"supabase-legacy-route","/intl/nl-NL/p199-womens-casual-zip-jacket","/intl/nl-NL/p200-womens-casual-zip-jacket","301","auto","Master product sequence and localized canonical-path alignment","no","no","2026-08-08"
"supabase-legacy-route","/intl/nl-NL/p200-unisex-crewneck-t-shirt","/intl/nl-NL/p201-unisex-crewneck-t-shirt","301","auto","Master product sequence and localized canonical-path alignment","no","no","2026-08-08"
"supabase-legacy-route","/intl/nl-NL/p201-unisex-pullover-sweatshirt","/intl/nl-NL/p202-unisex-pullover-sweatshirt","301","auto","Master product sequence and localized canonical-path alignment","no","no","2026-08-08"
"supabase-legacy-route","/intl/nl-NL/p202-unisex-zip-sweatshirt","/intl/nl-NL/p203-unisex-zip-sweatshirt","301","auto","Master product sequence and localized canonical-path alignment","no","no","2026-08-08"
"supabase-legacy-route","/intl/nl-NL/p203-unisex-lightweight-hoodie","/intl/nl-NL/p204-unisex-lightweight-hoodie","301","auto","Master product sequence and localized canonical-path alignment","no","no","2026-08-08"
"supabase-legacy-route","/intl/nl-NL/p204-unisex-lounge-set","/intl/nl-NL/p205-unisex-lounge-set","301","auto","Master product sequence and localized canonical-path alignment","no","no","2026-08-08"
"supabase-legacy-route","/intl/nl-NL/p205-unisex-fleece-jacket","/intl/nl-NL/p206-unisex-fleece-jacket","301","auto","Master product sequence and localized canonical-path alignment","no","no","2026-08-08"
"supabase-legacy-route","/intl/nl-NL/p206-unisex-casual-tracksuit","/intl/nl-NL/p207-unisex-casual-tracksuit","301","auto","Master product sequence and localized canonical-path alignment","no","no","2026-08-08"
"supabase-legacy-route","/intl/nl-NL/p207-unisex-oversized-t-shirt","/intl/nl-NL/p208-unisex-oversized-t-shirt","301","auto","Master product sequence and localized canonical-path alignment","no","no","2026-08-08"
"supabase-legacy-route","/intl/nl-NL/p208-kids-basic-t-shirt","/intl/nl-NL/p209-kids-basic-t-shirt","301","auto","Master product sequence and localized canonical-path alignment","no","no","2026-08-08"
"supabase-legacy-route","/intl/nl-NL/p209-kids-polo-shirt","/intl/nl-NL/p210-kids-polo-shirt","301","auto","Master product sequence and localized canonical-path alignment","no","no","2026-08-08"
"supabase-legacy-route","/intl/nl-NL/p210-kids-hoodie","/intl/nl-NL/p211-kids-hoodie","301","auto","Master product sequence and localized canonical-path alignment","no","no","2026-08-08"
"supabase-legacy-route","/intl/nl-NL/p211-kids-sweatshirt","/intl/nl-NL/p212-kids-sweatshirt","301","auto","Master product sequence and localized canonical-path alignment","no","no","2026-08-08"
"supabase-legacy-route","/intl/nl-NL/p212-kids-jogger","/intl/nl-NL/p213-kids-jogger","301","auto","Master product sequence and localized canonical-path alignment","no","no","2026-08-08"
"supabase-legacy-route","/intl/nl-NL/p213-kids-lounge-set","/intl/nl-NL/p214-kids-lounge-set","301","auto","Master product sequence and localized canonical-path alignment","no","no","2026-08-08"
"supabase-legacy-route","/intl/nl-NL/p214-kids-casual-tracksuit","/intl/nl-NL/p215-kids-casual-tracksuit","301","auto","Master product sequence and localized canonical-path alignment","no","no","2026-08-08"
"supabase-legacy-route","/intl/nl-NL/p215-mens-cotton-pajama-set","/intl/nl-NL/p216-mens-cotton-pajama-set","301","auto","Master product sequence and localized canonical-path alignment","no","no","2026-08-08"
"supabase-legacy-route","/intl/nl-NL/p216-mens-flannel-pajama-set","/intl/nl-NL/p217-mens-flannel-pajama-set","301","auto","Master product sequence and localized canonical-path alignment","no","no","2026-08-08"
"supabase-legacy-route","/intl/nl-NL/p217-mens-satin-pajama-set","/intl/nl-NL/p218-mens-satin-pajama-set","301","auto","Master product sequence and localized canonical-path alignment","no","no","2026-08-08"
"supabase-legacy-route","/intl/nl-NL/p218-mens-silk-pajama-set","/intl/nl-NL/p219-mens-silk-pajama-set","301","auto","Master product sequence and localized canonical-path alignment","no","no","2026-08-08"
"supabase-legacy-route","/intl/nl-NL/p219-mens-night-suit","/intl/nl-NL/p220-mens-night-suit","301","auto","Master product sequence and localized canonical-path alignment","no","no","2026-08-08"
"supabase-legacy-route","/intl/nl-NL/p220-mens-sleep-t-shirt","/intl/nl-NL/p221-mens-sleep-t-shirt","301","auto","Master product sequence and localized canonical-path alignment","no","no","2026-08-08"
"supabase-legacy-route","/intl/nl-NL/p221-mens-sleep-pants","/intl/nl-NL/p222-mens-sleep-pants","301","auto","Master product sequence and localized canonical-path alignment","no","no","2026-08-08"
"supabase-legacy-route","/intl/nl-NL/p222-mens-lounge-set","/intl/nl-NL/p223-mens-lounge-set","301","auto","Master product sequence and localized canonical-path alignment","no","no","2026-08-08"
"supabase-legacy-route","/intl/nl-NL/p223-mens-sleep-robe","/intl/nl-NL/p224-mens-sleep-robe","301","auto","Master product sequence and localized canonical-path alignment","no","no","2026-08-08"
"supabase-legacy-route","/intl/nl-NL/p224-mens-thermal-sleep-set","/intl/nl-NL/p225-mens-thermal-sleep-set","301","auto","Master product sequence and localized canonical-path alignment","no","no","2026-08-08"
"supabase-legacy-route","/intl/nl-NL/p225-womens-cotton-pajama-set","/intl/nl-NL/p226-womens-cotton-pajama-set","301","auto","Master product sequence and localized canonical-path alignment","no","no","2026-08-08"
"supabase-legacy-route","/intl/nl-NL/p226-womens-satin-pajama-set","/intl/nl-NL/p227-womens-satin-pajama-set","301","auto","Master product sequence and localized canonical-path alignment","no","no","2026-08-08"
"supabase-legacy-route","/intl/nl-NL/p227-womens-silk-pajama-set","/intl/nl-NL/p228-womens-silk-pajama-set","301","auto","Master product sequence and localized canonical-path alignment","no","no","2026-08-08"
"supabase-legacy-route","/intl/nl-NL/p228-womens-flannel-pajama-set","/intl/nl-NL/p229-womens-flannel-pajama-set","301","auto","Master product sequence and localized canonical-path alignment","no","no","2026-08-08"
"supabase-legacy-route","/intl/nl-NL/p229-womens-modal-pajama-set","/intl/nl-NL/p230-womens-modal-pajama-set","301","auto","Master product sequence and localized canonical-path alignment","no","no","2026-08-08"
"supabase-legacy-route","/intl/nl-NL/p230-womens-nightgown","/intl/nl-NL/p231-womens-nightgown","301","auto","Master product sequence and localized canonical-path alignment","no","no","2026-08-08"
"supabase-legacy-route","/intl/nl-NL/p231-womens-sleep-shirt","/intl/nl-NL/p232-womens-sleep-shirt","301","auto","Master product sequence and localized canonical-path alignment","no","no","2026-08-08"
"supabase-legacy-route","/intl/nl-NL/p232-womens-oversized-sleep-t-shirt","/intl/nl-NL/p233-womens-oversized-sleep-t-shirt","301","auto","Master product sequence and localized canonical-path alignment","no","no","2026-08-08"
"supabase-legacy-route","/intl/nl-NL/p233-womens-camisole-short-set","/intl/nl-NL/p234-womens-camisole-short-set","301","auto","Master product sequence and localized canonical-path alignment","no","no","2026-08-08"
"supabase-legacy-route","/intl/nl-NL/p234-womens-long-lounge-set","/intl/nl-NL/p235-womens-long-lounge-set","301","auto","Master product sequence and localized canonical-path alignment","no","no","2026-08-08"
"supabase-legacy-route","/intl/nl-NL/p235-womens-satin-robe","/intl/nl-NL/p236-womens-satin-robe","301","auto","Master product sequence and localized canonical-path alignment","no","no","2026-08-08"
"supabase-legacy-route","/intl/nl-NL/p236-womens-plush-robe","/intl/nl-NL/p237-womens-plush-robe","301","auto","Master product sequence and localized canonical-path alignment","no","no","2026-08-08"
"supabase-legacy-route","/intl/nl-NL/p237-womens-lace-trim-night-dress","/intl/nl-NL/p238-womens-lace-trim-night-dress","301","auto","Master product sequence and localized canonical-path alignment","no","no","2026-08-08"
"supabase-legacy-route","/intl/nl-NL/p238-womens-button-down-sleep-set","/intl/nl-NL/p239-womens-button-down-sleep-set","301","auto","Master product sequence and localized canonical-path alignment","no","no","2026-08-08"
"supabase-legacy-route","/intl/nl-NL/p239-womens-thermal-sleep-set","/intl/nl-NL/p240-womens-thermal-sleep-set","301","auto","Master product sequence and localized canonical-path alignment","no","no","2026-08-08"
"supabase-legacy-route","/intl/nl-NL/p240-boys-pajama-set","/intl/nl-NL/p241-boys-pajama-set","301","auto","Master product sequence and localized canonical-path alignment","no","no","2026-08-08"
"supabase-legacy-route","/intl/nl-NL/p241-girls-pajama-set","/intl/nl-NL/p242-girls-pajama-set","301","auto","Master product sequence and localized canonical-path alignment","no","no","2026-08-08"
"supabase-legacy-route","/intl/nl-NL/p242-kids-printed-pajama-set","/intl/nl-NL/p243-kids-printed-pajama-set","301","auto","Master product sequence and localized canonical-path alignment","no","no","2026-08-08"
"supabase-legacy-route","/intl/nl-NL/p243-kids-flannel-pajama-set","/intl/nl-NL/p244-kids-flannel-pajama-set","301","auto","Master product sequence and localized canonical-path alignment","no","no","2026-08-08"
"supabase-legacy-route","/intl/nl-NL/p244-kids-fleece-sleep-set","/intl/nl-NL/p245-kids-fleece-sleep-set","301","auto","Master product sequence and localized canonical-path alignment","no","no","2026-08-08"
"supabase-legacy-route","/intl/nl-NL/p245-kids-onesie","/intl/nl-NL/p246-kids-onesie","301","auto","Master product sequence and localized canonical-path alignment","no","no","2026-08-08"
"supabase-legacy-route","/intl/nl-NL/p246-kids-sleep-robe","/intl/nl-NL/p247-kids-sleep-robe","301","auto","Master product sequence and localized canonical-path alignment","no","no","2026-08-08"
"supabase-legacy-route","/intl/nl-NL/p247-kids-thermal-sleep-set","/intl/nl-NL/p248-kids-thermal-sleep-set","301","auto","Master product sequence and localized canonical-path alignment","no","no","2026-08-08"
"supabase-legacy-route","/intl/nl-NL/p248-hotel-bathrobe","/intl/nl-NL/p249-hotel-bathrobe","301","auto","Master product sequence and localized canonical-path alignment","no","no","2026-08-08"
"supabase-legacy-route","/intl/nl-NL/p249-spa-robe","/intl/nl-NL/p250-spa-robe","301","auto","Master product sequence and localized canonical-path alignment","no","no","2026-08-08"
"supabase-legacy-route","/intl/nl-NL/p250-waffle-robe","/intl/nl-NL/p251-waffle-robe","301","auto","Master product sequence and localized canonical-path alignment","no","no","2026-08-08"
"supabase-legacy-route","/intl/nl-NL/p251-luxury-guest-sleepwear-set","/intl/nl-NL/p252-luxury-guest-sleepwear-set","301","auto","Master product sequence and localized canonical-path alignment","no","no","2026-08-08"
"supabase-legacy-route","/intl/nl-NL/p252-hospitality-slipper-set","/intl/nl-NL/p253-hospitality-slipper-set","301","auto","Master product sequence and localized canonical-path alignment","no","no","2026-08-08"
"supabase-legacy-route","/intl/nl-NL/p253-hotel-pajama-set","/intl/nl-NL/p254-hotel-pajama-set","301","auto","Master product sequence and localized canonical-path alignment","no","no","2026-08-08"
"supabase-legacy-route","/intl/nl-NL/p254-resort-lounge-set","/intl/nl-NL/p255-resort-lounge-set","301","auto","Master product sequence and localized canonical-path alignment","no","no","2026-08-08"
"supabase-legacy-route","/journal","/blog","301","auto","canonical path","no","no","2026-08-08"
"supabase-legacy-route","/leatherwear-manufacturer-pakistan","/products/premium-leather-apparel","301","auto","legacy SEO alias","no","no","2026-08-08"
"supabase-legacy-route","/lederhosen-manufacturer","/products/bavarian-trachten-wear","301","auto","legacy SEO alias","no","no","2026-08-08"
"supabase-legacy-route","/log-in","/auth","301","auto","auth canonical","no","no","2026-08-08"
"supabase-legacy-route","/login","/auth","301","auto","auth canonical","no","no","2026-08-08"
"supabase-legacy-route","/netherlands","/markets/netherlands","301","auto","market landing","no","no","2026-08-08"
"supabase-legacy-route","/new-zealand","/markets/new-zealand","301","auto","market landing","no","no","2026-08-08"
"supabase-legacy-route","/privacy","/privacy-policy","301","auto","canonical path","no","no","2026-08-08"
"supabase-legacy-route","/privacy/","/privacy-policy","301","auto","trailing slash","no","no","2026-08-08"
"supabase-legacy-route","/products/alpine-trachten-hat","/products/bavarian-trachten-wear/accessories/accessories/alpine-wool-hat","301","auto","Legacy product merged into verified 255-product master catalogue | normalized to current canonical product","no","no","2026-08-08"
"supabase-legacy-route","/products/athletic-onesie","/products/sportswear/fitness-activewear/performance-activewear","301","auto","Legacy product merged into verified 255-product master catalogue | retired product mapped to current buyer-safe destination","no","no","2026-08-08"
"supabase-legacy-route","/products/baseball-jersey","/products/sportswear/team-club/team-uniforms/baseball-uniform","301","auto","Legacy product merged into verified 255-product master catalogue | normalized to current canonical product","no","no","2026-08-08"
"supabase-legacy-route","/products/basketball-mesh-jersey","/products/sportswear/team-club/team-uniforms/basketball-uniform","301","auto","Legacy product merged into verified 255-product master catalogue | normalized to current canonical product","no","no","2026-08-08"
"supabase-legacy-route","/products/bavarian-accessories/alpine-trachten-hat","/products/bavarian-trachten-wear/accessories/accessories/alpine-wool-hat","301","auto","Legacy product merged into verified 255-product master catalogue | normalized to current canonical product","no","no","2026-08-08"
"supabase-legacy-route","/products/bavarian-accessories/bavarian-leather-belt","/products/bavarian-trachten-wear/accessories/accessories/trachten-leather-belt","301","auto","Legacy product merged into verified 255-product master catalogue | normalized to current canonical product","no","no","2026-08-08"
"supabase-legacy-route","/products/bavarian-accessories/bavarian-leather-belt-reference-style-02","/products/bavarian-trachten-wear/accessories/accessories/trachten-leather-belt","301","auto","Legacy product merged into verified 255-product master catalogue | normalized to current canonical product","no","no","2026-08-08"
"supabase-legacy-route","/products/bavarian-accessories/bavarian-neckerchief","/products/bavarian-trachten-wear/accessories/accessories/alpine-neck-scarf","301","auto","Legacy product merged into verified 255-product master catalogue | normalized to current canonical product","no","no","2026-08-08"
"supabase-legacy-route","/products/bavarian-accessories/bavarian-suspenders","/products/bavarian-trachten-wear/accessories/lederhosen/lederhosen-suspenders","301","auto","Legacy product merged into verified 255-product master catalogue | normalized to current canonical product","no","no","2026-08-08"
"supabase-legacy-route","/products/bavarian-accessories/haferl-leather-shoes","/products/bavarian-trachten-wear/accessories/accessories/haferl-shoes","301","auto","Legacy product merged into verified 255-product master catalogue | normalized to current canonical product","no","no","2026-08-08"
"supabase-legacy-route","/products/bavarian-accessories/haferl-leather-shoes-reference-style-02","/products/bavarian-trachten-wear/accessories/accessories/haferl-shoes","301","auto","Legacy product merged into verified 255-product master catalogue | normalized to current canonical product","no","no","2026-08-08"
"supabase-legacy-route","/products/bavarian-accessories/haferl-leather-shoes-reference-style-03","/products/bavarian-trachten-wear/accessories/accessories/haferl-shoes","301","auto","Legacy product merged into verified 255-product master catalogue | normalized to current canonical product","no","no","2026-08-08"
"supabase-legacy-route","/products/bavarian-accessories/knee-high-bavarian-socks","/products/bavarian-trachten-wear/accessories/accessories/knee-high-trachten-socks","301","auto","Legacy product merged into verified 255-product master catalogue | normalized to current canonical product","no","no","2026-08-08"
"supabase-legacy-route","/products/bavarian-accessories/knee-high-bavarian-socks-reference-style-02","/products/bavarian-trachten-wear/accessories/accessories/knee-high-trachten-socks","301","auto","Legacy product merged into verified 255-product master catalogue | normalized to current canonical product","no","no","2026-08-08"
"supabase-legacy-route","/products/bavarian-accessories/knee-high-bavarian-socks-reference-style-03","/products/bavarian-trachten-wear/accessories/accessories/knee-high-trachten-socks","301","auto","Legacy product merged into verified 255-product master catalogue | normalized to current canonical product","no","no","2026-08-08"
"supabase-legacy-route","/products/bavarian-embroidered-vest","/products/bavarian-trachten-wear/men/vests-waistcoats/wool-trachten-vest","301","auto","Legacy product merged into verified 255-product master catalogue | normalized to current canonical product","no","no","2026-08-08"
"supabase-legacy-route","/products/bavarian-embroidered-vest-reference-style-02","/products/bavarian-trachten-wear/men/vests-waistcoats/wool-trachten-vest","301","auto","Legacy product merged into verified 255-product master catalogue | normalized to current canonical product","no","no","2026-08-08"
"supabase-legacy-route","/products/bavarian-embroidered-vest-reference-style-03","/products/bavarian-trachten-wear/men/vests-waistcoats/wool-trachten-vest","301","auto","Legacy product merged into verified 255-product master catalogue | normalized to current canonical product","no","no","2026-08-08"
"supabase-legacy-route","/products/bavarian-kids/children-s-dirndl","/products/bavarian-trachten-wear/kids/dirndl-dresses/girls-traditional-dirndl","301","auto","Legacy product merged into verified 255-product master catalogue | normalized to current canonical product","no","no","2026-08-08"
"supabase-legacy-route","/products/bavarian-kids/children-s-lederhosen","/products/bavarian-trachten-wear/kids/lederhosen/boys-short-lederhosen","301","auto","Legacy product merged into verified 255-product master catalogue | normalized to current canonical product","no","no","2026-08-08"
"supabase-legacy-route","/products/bavarian-kids/children-s-lederhosen-reference-style-02","/products/bavarian-trachten-wear/kids/lederhosen/boys-short-lederhosen","301","auto","Legacy product merged into verified 255-product master catalogue | normalized to current canonical product","no","no","2026-08-08"
"supabase-legacy-route","/products/bavarian-leather-belt","/products/bavarian-trachten-wear/accessories/accessories/trachten-leather-belt","301","auto","Legacy product merged into verified 255-product master catalogue | normalized to current canonical product","no","no","2026-08-08"
"supabase-legacy-route","/products/bavarian-leather-belt-reference-style-02","/products/bavarian-trachten-wear/accessories/accessories/trachten-leather-belt","301","auto","Legacy product merged into verified 255-product master catalogue | normalized to current canonical product","no","no","2026-08-08"
"supabase-legacy-route","/products/bavarian-men-s-checkered-shirt","/products/bavarian-trachten-wear/men/trachten-shirts/checked-trachten-shirt","301","auto","Legacy product merged into verified 255-product master catalogue","no","no","2026-08-08"
"supabase-legacy-route","/products/bavarian-men-s-checkered-shirt-reference-style-02","/products/bavarian-trachten-wear/men/trachten-shirts/checked-trachten-shirt","301","auto","Legacy product merged into verified 255-product master catalogue","no","no","2026-08-08"
"supabase-legacy-route","/products/bavarian-men-s-checkered-shirt-reference-style-03","/products/bavarian-trachten-wear/men/trachten-shirts/checked-trachten-shirt","301","auto","Legacy product merged into verified 255-product master catalogue","no","no","2026-08-08"
"supabase-legacy-route","/products/bavarian-men/bavarian-embroidered-vest","/products/bavarian-trachten-wear/men/vests-waistcoats/wool-trachten-vest","301","auto","Legacy product merged into verified 255-product master catalogue | normalized to current canonical product","no","no","2026-08-08"
"supabase-legacy-route","/products/bavarian-men/bavarian-embroidered-vest-reference-style-02","/products/bavarian-trachten-wear/men/vests-waistcoats/wool-trachten-vest","301","auto","Legacy product merged into verified 255-product master catalogue | normalized to current canonical product","no","no","2026-08-08"
"supabase-legacy-route","/products/bavarian-men/bavarian-embroidered-vest-reference-style-03","/products/bavarian-trachten-wear/men/vests-waistcoats/wool-trachten-vest","301","auto","Legacy product merged into verified 255-product master catalogue | normalized to current canonical product","no","no","2026-08-08"
"supabase-legacy-route","/products/bavarian-men/bavarian-men-s-checkered-shirt","/products/bavarian-trachten-wear/men/trachten-shirts/checked-trachten-shirt","301","auto","Legacy product merged into verified 255-product master catalogue","no","no","2026-08-08"
"supabase-legacy-route","/products/bavarian-men/bavarian-men-s-checkered-shirt-reference-style-02","/products/bavarian-trachten-wear/men/trachten-shirts/checked-trachten-shirt","301","auto","Legacy product merged into verified 255-product master catalogue","no","no","2026-08-08"
"supabase-legacy-route","/products/bavarian-men/bavarian-men-s-checkered-shirt-reference-style-03","/products/bavarian-trachten-wear/men/trachten-shirts/checked-trachten-shirt","301","auto","Legacy product merged into verified 255-product master catalogue","no","no","2026-08-08"
"supabase-legacy-route","/products/bavarian-neckerchief","/products/bavarian-trachten-wear/accessories/accessories/alpine-neck-scarf","301","auto","Legacy product merged into verified 255-product master catalogue | normalized to current canonical product","no","no","2026-08-08"
"supabase-legacy-route","/products/bavarian-suspenders","/products/bavarian-trachten-wear/accessories/lederhosen/lederhosen-suspenders","301","auto","Legacy product merged into verified 255-product master catalogue | normalized to current canonical product","no","no","2026-08-08"
"supabase-legacy-route","/products/bavarian-trachten-wear/accessories/alpine-hats/alpine-trachten-hat","/products/bavarian-trachten-wear/accessories/accessories/alpine-wool-hat","301","auto","Legacy product merged into verified 255-product master catalogue | normalized to current canonical product","no","no","2026-08-08"
"supabase-legacy-route","/products/bavarian-trachten-wear/accessories/haferl-shoes/haferl-leather-shoes","/products/bavarian-trachten-wear/accessories/accessories/haferl-shoes","301","auto","Legacy product merged into verified 255-product master catalogue | normalized to current canonical product","no","no","2026-08-08"
"supabase-legacy-route","/products/bavarian-trachten-wear/accessories/haferl-shoes/haferl-leather-shoes-reference-style-02","/products/bavarian-trachten-wear/accessories/accessories/haferl-shoes","301","auto","Legacy product merged into verified 255-product master catalogue | normalized to current canonical product","no","no","2026-08-08"
"supabase-legacy-route","/products/bavarian-trachten-wear/accessories/haferl-shoes/haferl-leather-shoes-reference-style-03","/products/bavarian-trachten-wear/accessories/accessories/haferl-shoes","301","auto","Legacy product merged into verified 255-product master catalogue | normalized to current canonical product","no","no","2026-08-08"
"supabase-legacy-route","/products/bavarian-trachten-wear/accessories/neckerchiefs-scarves/bavarian-neckerchief","/products/bavarian-trachten-wear/accessories/accessories/alpine-neck-scarf","301","auto","Legacy product merged into verified 255-product master catalogue | normalized to current canonical product","no","no","2026-08-08"
"supabase-legacy-route","/products/bavarian-trachten-wear/accessories/trachten-belts/bavarian-leather-belt","/products/bavarian-trachten-wear/accessories/accessories/trachten-leather-belt","301","auto","Legacy product merged into verified 255-product master catalogue | normalized to current canonical product","no","no","2026-08-08"
"supabase-legacy-route","/products/bavarian-trachten-wear/accessories/trachten-belts/bavarian-leather-belt-reference-style-02","/products/bavarian-trachten-wear/accessories/accessories/trachten-leather-belt","301","auto","Legacy product merged into verified 255-product master catalogue | normalized to current canonical product","no","no","2026-08-08"
"supabase-legacy-route","/products/bavarian-trachten-wear/accessories/trachten-socks/knee-high-bavarian-socks","/products/bavarian-trachten-wear/accessories/accessories/knee-high-trachten-socks","301","auto","Legacy product merged into verified 255-product master catalogue | normalized to current canonical product","no","no","2026-08-08"
"supabase-legacy-route","/products/bavarian-trachten-wear/accessories/trachten-socks/knee-high-bavarian-socks-reference-style-02","/products/bavarian-trachten-wear/accessories/accessories/knee-high-trachten-socks","301","auto","Legacy product merged into verified 255-product master catalogue | normalized to current canonical product","no","no","2026-08-08"
"supabase-legacy-route","/products/bavarian-trachten-wear/accessories/trachten-socks/knee-high-bavarian-socks-reference-style-03","/products/bavarian-trachten-wear/accessories/accessories/knee-high-trachten-socks","301","auto","Legacy product merged into verified 255-product master catalogue | normalized to current canonical product","no","no","2026-08-08"
"supabase-legacy-route","/products/bavarian-trachten-wear/accessories/trachten-suspenders/bavarian-suspenders","/products/bavarian-trachten-wear/accessories/lederhosen/lederhosen-suspenders","301","auto","Legacy product merged into verified 255-product master catalogue | normalized to current canonical product","no","no","2026-08-08"
"supabase-legacy-route","/products/bavarian-trachten-wear/alpine-neck-scarf","/products/bavarian-trachten-wear/accessories/accessories/alpine-neck-scarf","301","auto","Drive catalogue canonical route normalization","no","no","2026-08-08"
"supabase-legacy-route","/products/bavarian-trachten-wear/alpine-trachten-hat","/products/bavarian-trachten-wear/accessories/accessories/alpine-wool-hat","INVESTIGATE","review","Legacy Alpine Trachten Hat was merged into the current published Alpine Wool Hat product.","yes","no","2026-08-08"
"supabase-legacy-route","/products/bavarian-trachten-wear/alpine-wool-hat","/products/bavarian-trachten-wear/accessories/accessories/alpine-wool-hat","301","auto","Drive catalogue canonical route normalization","no","no","2026-08-08"
"supabase-legacy-route","/products/bavarian-trachten-wear/bavarian-boots","/products/bavarian-trachten-wear/accessories/accessories/bavarian-boots","301","auto","Drive catalogue canonical route normalization","no","no","2026-08-08"
"supabase-legacy-route","/products/bavarian-trachten-wear/bavarian-checkered-shirt","/products/bavarian-trachten-wear/men/trachten-shirts/checked-trachten-shirt","INVESTIGATE","review","Legacy Bavarian Checkered Shirt was reconciled to the current published Checked Trachten Shirt product.","yes","no","2026-08-08"
"supabase-legacy-route","/products/bavarian-trachten-wear/bavarian-embroidered-vest","/products/bavarian-trachten-wear/men/vests-waistcoats/wool-trachten-vest","INVESTIGATE","review","Legacy Bavarian Embroidered Vest was merged into the current published Wool Trachten Vest product.","yes","no","2026-08-08"
"supabase-legacy-route","/products/bavarian-trachten-wear/boys-knee-length-lederhosen","/products/bavarian-trachten-wear/kids/lederhosen/boys-knee-length-lederhosen","301","auto","Drive catalogue canonical route normalization","no","no","2026-08-08"
"supabase-legacy-route","/products/bavarian-trachten-wear/boys-short-lederhosen","/products/bavarian-trachten-wear/kids/lederhosen/boys-short-lederhosen","301","auto","Drive catalogue canonical route normalization","no","no","2026-08-08"
"supabase-legacy-route","/products/bavarian-trachten-wear/boys-trachten-shirt","/products/bavarian-trachten-wear/kids/trachten-shirts/boys-trachten-shirt","301","auto","Drive catalogue canonical route normalization","no","no","2026-08-08"
"supabase-legacy-route","/products/bavarian-trachten-wear/boys-trachten-vest","/products/bavarian-trachten-wear/kids/vests-waistcoats/boys-trachten-vest","301","auto","Drive catalogue canonical route normalization","no","no","2026-08-08"
"supabase-legacy-route","/products/bavarian-trachten-wear/checked-trachten-shirt","/products/bavarian-trachten-wear/men/trachten-shirts/checked-trachten-shirt","301","auto","Drive catalogue canonical route normalization","no","no","2026-08-08"
"supabase-legacy-route","/products/bavarian-trachten-wear/classic-dirndl-blouse","/products/bavarian-trachten-wear/women/blouses/classic-dirndl-blouse","301","auto","Drive catalogue canonical route normalization","no","no","2026-08-08"
"supabase-legacy-route","/products/bavarian-trachten-wear/cotton-dirndl","/products/bavarian-trachten-wear/women/dirndl-dresses/cotton-dirndl","301","auto","Drive catalogue canonical route normalization","no","no","2026-08-08"
"supabase-legacy-route","/products/bavarian-trachten-wear/deer-suede-lederhosen","/products/bavarian-trachten-wear/men/lederhosen/deer-suede-lederhosen","301","auto","Drive catalogue canonical route normalization","no","no","2026-08-08"
"supabase-legacy-route","/products/bavarian-trachten-wear/embroidered-dirndl-apron","/products/bavarian-trachten-wear/women/aprons/embroidered-dirndl-apron","301","auto","Drive catalogue canonical route normalization","no","no","2026-08-08"
"supabase-legacy-route","/products/bavarian-trachten-wear/embroidered-trachten-shirt","/products/bavarian-trachten-wear/men/trachten-shirts/embroidered-trachten-shirt","301","auto","Drive catalogue canonical route normalization","no","no","2026-08-08"
"supabase-legacy-route","/products/bavarian-trachten-wear/girls-dirndl-blouse","/products/bavarian-trachten-wear/kids/blouses/girls-dirndl-blouse","301","auto","Drive catalogue canonical route normalization","no","no","2026-08-08"
"supabase-legacy-route","/products/bavarian-trachten-wear/girls-modern-dirndl","/products/bavarian-trachten-wear/kids/dirndl-dresses/girls-modern-dirndl","301","auto","Drive catalogue canonical route normalization","no","no","2026-08-08"
"supabase-legacy-route","/products/bavarian-trachten-wear/girls-traditional-dirndl","/products/bavarian-trachten-wear/kids/dirndl-dresses/girls-traditional-dirndl","301","auto","Drive catalogue canonical route normalization","no","no","2026-08-08"
"supabase-legacy-route","/products/bavarian-trachten-wear/goat-suede-lederhosen","/products/bavarian-trachten-wear/men/lederhosen/goat-suede-lederhosen","301","auto","Drive catalogue canonical route normalization","no","no","2026-08-08"
"supabase-legacy-route","/products/bavarian-trachten-wear/haferl-shoes","/products/bavarian-trachten-wear/accessories/accessories/haferl-shoes","301","auto","Drive catalogue canonical route normalization","no","no","2026-08-08"
"supabase-legacy-route","/products/bavarian-trachten-wear/high-neck-dirndl-blouse","/products/bavarian-trachten-wear/women/blouses/high-neck-dirndl-blouse","301","auto","Drive catalogue canonical route normalization","no","no","2026-08-08"
"supabase-legacy-route","/products/bavarian-trachten-wear/kids-trachten-jacket","/products/bavarian-trachten-wear/kids/jackets-outerwear/kids-trachten-jacket","301","auto","Drive catalogue canonical route normalization","no","no","2026-08-08"
"supabase-legacy-route","/products/bavarian-trachten-wear/kids/boys-lederhosen/children-s-lederhosen","/products/bavarian-trachten-wear/kids/lederhosen/boys-short-lederhosen","301","auto","Legacy product merged into verified 255-product master catalogue | normalized to current canonical product","no","no","2026-08-08"
"supabase-legacy-route","/products/bavarian-trachten-wear/kids/boys-lederhosen/children-s-lederhosen-reference-style-02","/products/bavarian-trachten-wear/kids/lederhosen/boys-short-lederhosen","301","auto","Legacy product merged into verified 255-product master catalogue | normalized to current canonical product","no","no","2026-08-08"
"supabase-legacy-route","/products/bavarian-trachten-wear/kids/girls-dirndl/children-s-dirndl","/products/bavarian-trachten-wear/kids/dirndl-dresses/girls-traditional-dirndl","301","auto","Legacy product merged into verified 255-product master catalogue | normalized to current canonical product","no","no","2026-08-08"
"supabase-legacy-route","/products/bavarian-trachten-wear/knee-high-trachten-socks","/products/bavarian-trachten-wear/accessories/accessories/knee-high-trachten-socks","301","auto","Drive catalogue canonical route normalization","no","no","2026-08-08"
"supabase-legacy-route","/products/bavarian-trachten-wear/knee-length-lederhosen","/products/bavarian-trachten-wear/men/lederhosen/knee-length-lederhosen","301","auto","Drive catalogue canonical route normalization","no","no","2026-08-08"
"supabase-legacy-route","/products/bavarian-trachten-wear/lace-dirndl-blouse","/products/bavarian-trachten-wear/women/blouses/lace-dirndl-blouse","301","auto","Drive catalogue canonical route normalization","no","no","2026-08-08"
"supabase-legacy-route","/products/bavarian-trachten-wear/lederhosen-suspenders","/products/bavarian-trachten-wear/accessories/lederhosen/lederhosen-suspenders","301","auto","Drive catalogue canonical route normalization","no","no","2026-08-08"
"supabase-legacy-route","/products/bavarian-trachten-wear/linen-dirndl","/products/bavarian-trachten-wear/women/dirndl-dresses/linen-dirndl","301","auto","Drive catalogue canonical route normalization","no","no","2026-08-08"
"supabase-legacy-route","/products/bavarian-trachten-wear/linen-trachten-shirt","/products/bavarian-trachten-wear/men/trachten-shirts/linen-trachten-shirt","301","auto","Drive catalogue canonical route normalization","no","no","2026-08-08"
"supabase-legacy-route","/products/bavarian-trachten-wear/loden-jacket","/products/bavarian-trachten-wear/men/jackets-outerwear/loden-jacket","301","auto","Drive catalogue canonical route normalization","no","no","2026-08-08"
"supabase-legacy-route","/products/bavarian-trachten-wear/loferl-socks","/products/bavarian-trachten-wear/accessories/accessories/loferl-socks","301","auto","Drive catalogue canonical route normalization","no","no","2026-08-08"
"supabase-legacy-route","/products/bavarian-trachten-wear/long-dirndl","/products/bavarian-trachten-wear/women/dirndl-dresses/long-dirndl","301","auto","Drive catalogue canonical route normalization","no","no","2026-08-08"
"supabase-legacy-route","/products/bavarian-trachten-wear/long-lederhosen","/products/bavarian-trachten-wear/men/lederhosen/long-lederhosen","301","auto","Drive catalogue canonical route normalization","no","no","2026-08-08"
"supabase-legacy-route","/products/bavarian-trachten-wear/men/trachten-shirts/bavarian-men-s-checkered-shirt","/products/bavarian-trachten-wear/men/trachten-shirts/checked-trachten-shirt","301","auto","Legacy product merged into verified 255-product master catalogue","no","no","2026-08-08"
"supabase-legacy-route","/products/bavarian-trachten-wear/men/trachten-shirts/bavarian-men-s-checkered-shirt-reference-style-02","/products/bavarian-trachten-wear/men/trachten-shirts/checked-trachten-shirt","301","auto","Legacy product merged into verified 255-product master catalogue","no","no","2026-08-08"
"supabase-legacy-route","/products/bavarian-trachten-wear/men/trachten-shirts/bavarian-men-s-checkered-shirt-reference-style-03","/products/bavarian-trachten-wear/men/trachten-shirts/checked-trachten-shirt","301","auto","Legacy product merged into verified 255-product master catalogue","no","no","2026-08-08"
"supabase-legacy-route","/products/bavarian-trachten-wear/men/trachten-vests/bavarian-embroidered-vest","/products/bavarian-trachten-wear/men/vests-waistcoats/wool-trachten-vest","301","auto","Legacy product merged into verified 255-product master catalogue | normalized to current canonical product","no","no","2026-08-08"
"supabase-legacy-route","/products/bavarian-trachten-wear/men/trachten-vests/bavarian-embroidered-vest-reference-style-02","/products/bavarian-trachten-wear/men/vests-waistcoats/wool-trachten-vest","301","auto","Legacy product merged into verified 255-product master catalogue | normalized to current canonical product","no","no","2026-08-08"
"supabase-legacy-route","/products/bavarian-trachten-wear/men/trachten-vests/bavarian-embroidered-vest-reference-style-03","/products/bavarian-trachten-wear/men/vests-waistcoats/wool-trachten-vest","301","auto","Legacy product merged into verified 255-product master catalogue | normalized to current canonical product","no","no","2026-08-08"
"supabase-legacy-route","/products/bavarian-trachten-wear/midi-dirndl","/products/bavarian-trachten-wear/women/dirndl-dresses/midi-dirndl","301","auto","Drive catalogue canonical route normalization","no","no","2026-08-08"
"supabase-legacy-route","/products/bavarian-trachten-wear/mini-dirndl","/products/bavarian-trachten-wear/women/dirndl-dresses/mini-dirndl","301","auto","Drive catalogue canonical route normalization","no","no","2026-08-08"
"supabase-legacy-route","/products/bavarian-trachten-wear/modern-dirndl","/products/bavarian-trachten-wear/women/dirndl-dresses/modern-dirndl","301","auto","Drive catalogue canonical route normalization","no","no","2026-08-08"
"supabase-legacy-route","/products/bavarian-trachten-wear/off-shoulder-dirndl-blouse","/products/bavarian-trachten-wear/women/blouses/off-shoulder-dirndl-blouse","301","auto","Drive catalogue canonical route normalization","no","no","2026-08-08"
"supabase-legacy-route","/products/bavarian-trachten-wear/oktoberfest-dirndl","/products/bavarian-trachten-wear/women/dirndl-dresses/oktoberfest-dirndl","301","auto","Drive catalogue canonical route normalization","no","no","2026-08-08"
"supabase-legacy-route","/products/bavarian-trachten-wear/premium-embroidered-dirndl","/products/bavarian-trachten-wear/women/dirndl-dresses/premium-embroidered-dirndl","301","auto","Drive catalogue canonical route normalization","no","no","2026-08-08"
"supabase-legacy-route","/products/bavarian-trachten-wear/premium-embroidered-lederhosen","/products/bavarian-trachten-wear/men/lederhosen/premium-embroidered-lederhosen","301","auto","Drive catalogue canonical route normalization","no","no","2026-08-08"
"supabase-legacy-route","/products/bavarian-trachten-wear/puff-sleeve-dirndl-blouse","/products/bavarian-trachten-wear/women/blouses/puff-sleeve-dirndl-blouse","301","auto","Drive catalogue canonical route normalization","no","no","2026-08-08"
"supabase-legacy-route","/products/bavarian-trachten-wear/short-lederhosen","/products/bavarian-trachten-wear/men/lederhosen/short-lederhosen","301","auto","Drive catalogue canonical route normalization","no","no","2026-08-08"
"supabase-legacy-route","/products/bavarian-trachten-wear/trachten-leather-bag","/products/bavarian-trachten-wear/accessories/bags/trachten-leather-bag","301","auto","Drive catalogue canonical route normalization","no","no","2026-08-08"
"supabase-legacy-route","/products/bavarian-trachten-wear/trachten-leather-belt","/products/bavarian-trachten-wear/accessories/accessories/trachten-leather-belt","301","auto","Drive catalogue canonical route normalization","no","no","2026-08-08"
"supabase-legacy-route","/products/bavarian-trachten-wear/trachten-trousers","/products/bavarian-trachten-wear/men/pants-joggers/trachten-trousers","301","auto","Drive catalogue canonical route normalization","no","no","2026-08-08"
"supabase-legacy-route","/products/bavarian-trachten-wear/traditional-dirndl","/products/bavarian-trachten-wear/women/dirndl-dresses/traditional-dirndl","301","auto","Drive catalogue canonical route normalization","no","no","2026-08-08"
"supabase-legacy-route","/products/bavarian-trachten-wear/traditional-janker-jacket","/products/bavarian-trachten-wear/men/jackets-outerwear/traditional-janker-jacket","301","auto","Drive catalogue canonical route normalization","no","no","2026-08-08"
"supabase-legacy-route","/products/bavarian-trachten-wear/traditional-leather-hat","/products/bavarian-trachten-wear/accessories/accessories/traditional-leather-hat","301","auto","Drive catalogue canonical route normalization","no","no","2026-08-08"
"supabase-legacy-route","/products/bavarian-trachten-wear/traditional-trachten-shirt","/products/bavarian-trachten-wear/men/trachten-shirts/traditional-trachten-shirt","301","auto","Drive catalogue canonical route normalization","no","no","2026-08-08"
"supabase-legacy-route","/products/bavarian-trachten-wear/velvet-dirndl","/products/bavarian-trachten-wear/women/dirndl-dresses/velvet-dirndl","301","auto","Drive catalogue canonical route normalization","no","no","2026-08-08"
"supabase-legacy-route","/products/bavarian-trachten-wear/velvet-trachten-shirt","/products/bavarian-trachten-wear/men/trachten-shirts/velvet-trachten-shirt","301","auto","Drive catalogue canonical route normalization","no","no","2026-08-08"
"supabase-legacy-route","/products/bavarian-trachten-wear/vintage-lederhosen","/products/bavarian-trachten-wear/men/lederhosen/vintage-lederhosen","301","auto","Drive catalogue canonical route normalization","no","no","2026-08-08"
"supabase-legacy-route","/products/bavarian-trachten-wear/women/dirndl-aprons/dirndl-apron","/products/bavarian-trachten-wear/women/aprons/embroidered-dirndl-apron","301","auto","Legacy product merged into verified 255-product master catalogue | normalized to current canonical product","no","no","2026-08-08"
"supabase-legacy-route","/products/bavarian-trachten-wear/women/dirndl-blouses/dirndl-blouse","/products/bavarian-trachten-wear/women/blouses/classic-dirndl-blouse","301","auto","Legacy product merged into verified 255-product master catalogue | normalized to current canonical product","no","no","2026-08-08"
"supabase-legacy-route","/products/bavarian-trachten-wear/women/dirndl-blouses/dirndl-blouse-reference-style-02","/products/bavarian-trachten-wear/women/blouses/classic-dirndl-blouse","301","auto","Legacy product merged into verified 255-product master catalogue | normalized to current canonical product","no","no","2026-08-08"
"supabase-legacy-route","/products/bavarian-trachten-wear/women/dirndl-blouses/dirndl-blouse-reference-style-03","/products/bavarian-trachten-wear/women/blouses/classic-dirndl-blouse","301","auto","Legacy product merged into verified 255-product master catalogue | normalized to current canonical product","no","no","2026-08-08"
"supabase-legacy-route","/products/bavarian-trachten-wear/women/dirndl-dresses/traditional-dirndl-dress-reference-style-02","/products/bavarian-trachten-wear/women/dirndl-dresses/traditional-dirndl","301","auto","Legacy product merged into verified 255-product master catalogue","no","no","2026-08-08"
"supabase-legacy-route","/products/bavarian-trachten-wear/women/dirndl-dresses/traditional-dirndl-dress-reference-style-03","/products/bavarian-trachten-wear/women/dirndl-dresses/traditional-dirndl","301","auto","Legacy product merged into verified 255-product master catalogue","no","no","2026-08-08"
"supabase-legacy-route","/products/bavarian-trachten-wear/wool-trachten-vest","/products/bavarian-trachten-wear/men/vests-waistcoats/wool-trachten-vest","301","auto","Drive catalogue canonical route normalization","no","no","2026-08-08"
"supabase-legacy-route","/products/bavarian-women/dirndl-apron","/products/bavarian-trachten-wear/women/aprons/embroidered-dirndl-apron","301","auto","Legacy product merged into verified 255-product master catalogue | normalized to current canonical product","no","no","2026-08-08"
"supabase-legacy-route","/products/bavarian-women/dirndl-blouse","/products/bavarian-trachten-wear/women/blouses/classic-dirndl-blouse","301","auto","Legacy product merged into verified 255-product master catalogue | normalized to current canonical product","no","no","2026-08-08"
"supabase-legacy-route","/products/bavarian-women/dirndl-blouse-reference-style-02","/products/bavarian-trachten-wear/women/blouses/classic-dirndl-blouse","301","auto","Legacy product merged into verified 255-product master catalogue | normalized to current canonical product","no","no","2026-08-08"
"supabase-legacy-route","/products/bavarian-women/dirndl-blouse-reference-style-03","/products/bavarian-trachten-wear/women/blouses/classic-dirndl-blouse","301","auto","Legacy product merged into verified 255-product master catalogue | normalized to current canonical product","no","no","2026-08-08"
"supabase-legacy-route","/products/bavarian-women/traditional-dirndl-dress-reference-style-02","/products/bavarian-trachten-wear/women/dirndl-dresses/traditional-dirndl","301","auto","Legacy product merged into verified 255-product master catalogue","no","no","2026-08-08"
"supabase-legacy-route","/products/bavarian-women/traditional-dirndl-dress-reference-style-03","/products/bavarian-trachten-wear/women/dirndl-dresses/traditional-dirndl","301","auto","Legacy product merged into verified 255-product master catalogue","no","no","2026-08-08"
"supabase-legacy-route","/products/bomber-jacket","/products/streetwear-activewear/unisex/outerwear/streetwear-bomber-jacket","301","auto","Legacy product merged into verified 255-product master catalogue | normalized to current canonical product","no","no","2026-08-08"
"supabase-legacy-route","/products/children-s-dirndl","/products/bavarian-trachten-wear/kids/dirndl-dresses/girls-traditional-dirndl","301","auto","Legacy product merged into verified 255-product master catalogue | normalized to current canonical product","no","no","2026-08-08"
"supabase-legacy-route","/products/children-s-lederhosen","/products/bavarian-trachten-wear/kids/lederhosen/boys-short-lederhosen","301","auto","Legacy product merged into verified 255-product master catalogue | normalized to current canonical product","no","no","2026-08-08"
"supabase-legacy-route","/products/children-s-lederhosen-reference-style-02","/products/bavarian-trachten-wear/kids/lederhosen/boys-short-lederhosen","301","auto","Legacy product merged into verified 255-product master catalogue | normalized to current canonical product","no","no","2026-08-08"
"supabase-legacy-route","/products/cotton-nightshirt","/products/leisure-nightwear/men/t-shirts/mens-sleep-t-shirt","301","auto","Legacy product merged into verified 255-product master catalogue | normalized to current canonical product","no","no","2026-08-08"
"supabase-legacy-route","/products/cricket-jersey","/products/sportswear/team-club/team-uniforms/cricket-uniform","301","auto","Legacy product merged into verified 255-product master catalogue | normalized to current canonical product","no","no","2026-08-08"
"supabase-legacy-route","/products/dirndl-apron","/products/bavarian-trachten-wear/women/aprons/embroidered-dirndl-apron","301","auto","Legacy product merged into verified 255-product master catalogue | normalized to current canonical product","no","no","2026-08-08"
"supabase-legacy-route","/products/dirndl-blouse","/products/bavarian-trachten-wear/women/blouses/classic-dirndl-blouse","301","auto","Legacy product merged into verified 255-product master catalogue | normalized to current canonical product","no","no","2026-08-08"
"supabase-legacy-route","/products/dirndl-blouse-reference-style-02","/products/bavarian-trachten-wear/women/blouses/classic-dirndl-blouse","301","auto","Legacy product merged into verified 255-product master catalogue | normalized to current canonical product","no","no","2026-08-08"
"supabase-legacy-route","/products/dirndl-blouse-reference-style-03","/products/bavarian-trachten-wear/women/blouses/classic-dirndl-blouse","301","auto","Legacy product merged into verified 255-product master catalogue | normalized to current canonical product","no","no","2026-08-08"
"supabase-legacy-route","/products/full-grain-leather-belt","/products/premium-leather-apparel/accessories/accessories/leather-belt","301","auto","Legacy product merged into verified 255-product master catalogue | normalized to current canonical product","no","no","2026-08-08"
"supabase-legacy-route","/products/haferl-leather-shoes","/products/bavarian-trachten-wear/accessories/accessories/haferl-shoes","301","auto","Legacy product merged into verified 255-product master catalogue | normalized to current canonical product","no","no","2026-08-08"
"supabase-legacy-route","/products/haferl-leather-shoes-reference-style-02","/products/bavarian-trachten-wear/accessories/accessories/haferl-shoes","301","auto","Legacy product merged into verified 255-product master catalogue | normalized to current canonical product","no","no","2026-08-08"
"supabase-legacy-route","/products/haferl-leather-shoes-reference-style-03","/products/bavarian-trachten-wear/accessories/accessories/haferl-shoes","301","auto","Legacy product merged into verified 255-product master catalogue | normalized to current canonical product","no","no","2026-08-08"
"supabase-legacy-route","/products/knee-high-bavarian-socks","/products/bavarian-trachten-wear/accessories/accessories/knee-high-trachten-socks","301","auto","Legacy product merged into verified 255-product master catalogue | normalized to current canonical product","no","no","2026-08-08"
"supabase-legacy-route","/products/knee-high-bavarian-socks-reference-style-02","/products/bavarian-trachten-wear/accessories/accessories/knee-high-trachten-socks","301","auto","Legacy product merged into verified 255-product master catalogue | normalized to current canonical product","no","no","2026-08-08"
"supabase-legacy-route","/products/knee-high-bavarian-socks-reference-style-03","/products/bavarian-trachten-wear/accessories/accessories/knee-high-trachten-socks","301","auto","Legacy product merged into verified 255-product master catalogue | normalized to current canonical product","no","no","2026-08-08"
"supabase-legacy-route","/products/leather-accessories/full-grain-leather-belt","/products/premium-leather-apparel/accessories/accessories/leather-belt","301","auto","Legacy product merged into verified 255-product master catalogue | normalized to current canonical product","no","no","2026-08-08"
"supabase-legacy-route","/products/leather-accessories/leather-gloves-reference-style-02","/products/premium-leather-apparel/accessories/accessories/leather-gloves","301","auto","Legacy product merged into verified 255-product master catalogue | normalized to current canonical product","no","no","2026-08-08"
"supabase-legacy-route","/products/leather-accessories/leather-gloves-reference-style-03","/products/premium-leather-apparel/accessories/accessories/leather-gloves","301","auto","Legacy product merged into verified 255-product master catalogue | normalized to current canonical product","no","no","2026-08-08"
"supabase-legacy-route","/products/leather-accessories/premium-leather-bag","/products/premium-leather-apparel/accessories/bags","301","auto","Legacy product merged into verified 255-product master catalogue | retired product mapped to current buyer-safe destination","no","no","2026-08-08"
"supabase-legacy-route","/products/leather-accessories/premium-leather-bag-reference-style-02","/products/premium-leather-apparel/accessories/bags","301","auto","Legacy product merged into verified 255-product master catalogue | retired product mapped to current buyer-safe destination","no","no","2026-08-08"
"supabase-legacy-route","/products/leather-accessories/premium-leather-bag-reference-style-03","/products/premium-leather-apparel/accessories/bags","301","auto","Legacy product merged into verified 255-product master catalogue | retired product mapped to current buyer-safe destination","no","no","2026-08-08"
"supabase-legacy-route","/products/leather-bottoms/leather-trousers-reference-style-02","/products/premium-leather-apparel/men/pants-joggers/leather-pants","301","auto","Legacy product merged into verified 255-product master catalogue | normalized to current canonical product","no","no","2026-08-08"
"supabase-legacy-route","/products/leather-bottoms/leather-trousers-reference-style-03","/products/premium-leather-apparel/men/pants-joggers/leather-pants","301","auto","Legacy product merged into verified 255-product master catalogue | normalized to current canonical product","no","no","2026-08-08"
"supabase-legacy-route","/products/leather-gloves-reference-style-02","/products/premium-leather-apparel/accessories/accessories/leather-gloves","301","auto","Legacy product merged into verified 255-product master catalogue | normalized to current canonical product","no","no","2026-08-08"
"supabase-legacy-route","/products/leather-gloves-reference-style-03","/products/premium-leather-apparel/accessories/accessories/leather-gloves","301","auto","Legacy product merged into verified 255-product master catalogue | normalized to current canonical product","no","no","2026-08-08"
"supabase-legacy-route","/products/leather-trousers-reference-style-02","/products/premium-leather-apparel/men/pants-joggers/leather-pants","301","auto","Legacy product merged into verified 255-product master catalogue | normalized to current canonical product","no","no","2026-08-08"
"supabase-legacy-route","/products/leather-trousers-reference-style-03","/products/premium-leather-apparel/men/pants-joggers/leather-pants","301","auto","Legacy product merged into verified 255-product master catalogue | normalized to current canonical product","no","no","2026-08-08"
"supabase-legacy-route","/products/leather-vest-waistcoat","/products/premium-leather-apparel/men/vests-waistcoats/leather-waistcoat","301","auto","Legacy product merged into verified 255-product master catalogue | normalized to current canonical product","no","no","2026-08-08"
"supabase-legacy-route","/products/leather-vests/leather-vest-waistcoat","/products/premium-leather-apparel/men/vests-waistcoats/leather-waistcoat","301","auto","Legacy product merged into verified 255-product master catalogue | normalized to current canonical product","no","no","2026-08-08"
"supabase-legacy-route","/products/leisure-nightwear-men/cotton-nightshirt","/products/leisure-nightwear/men/t-shirts/mens-sleep-t-shirt","301","auto","Legacy product merged into verified 255-product master catalogue | normalized to current canonical product","no","no","2026-08-08"
"supabase-legacy-route","/products/leisure-nightwear-men/sleep-shorts-set","/products/leisure-nightwear/men/matching-sets/mens-lounge-set","301","auto","Legacy product merged into verified 255-product master catalogue | normalized to current canonical product","no","no","2026-08-08"
"supabase-legacy-route","/products/leisure-nightwear/boys-pajama-set","/products/leisure-nightwear/kids/pajama-sleep-sets/boys-pajama-set","301","auto","Drive catalogue canonical route normalization","no","no","2026-08-08"
"supabase-legacy-route","/products/leisure-nightwear/casual-button-up-shirt","/products/leisure-nightwear/men/shirts-tops/casual-button-up-shirt","301","auto","Drive catalogue canonical route normalization","no","no","2026-08-08"
"supabase-legacy-route","/products/leisure-nightwear/casual-chino-pants","/products/leisure-nightwear/men/pants-joggers/casual-chino-pants","301","auto","Drive catalogue canonical route normalization","no","no","2026-08-08"
"supabase-legacy-route","/products/leisure-nightwear/casual-jogger","/products/leisure-nightwear/men/pants-joggers/casual-jogger","301","auto","Drive catalogue canonical route normalization","no","no","2026-08-08"
"supabase-legacy-route","/products/leisure-nightwear/cotton-chino-shorts","/products/leisure-nightwear/men/shorts/cotton-chino-shorts","301","auto","Drive catalogue canonical route normalization","no","no","2026-08-08"
"supabase-legacy-route","/products/leisure-nightwear/essential-crewneck-t-shirt","/products/leisure-nightwear/men/t-shirts/essential-crewneck-t-shirt","301","auto","Drive catalogue canonical route normalization","no","no","2026-08-08"
"supabase-legacy-route","/products/leisure-nightwear/essential-v-neck-t-shirt","/products/leisure-nightwear/men/t-shirts/essential-v-neck-t-shirt","301","auto","Drive catalogue canonical route normalization","no","no","2026-08-08"
"supabase-legacy-route","/products/leisure-nightwear/girls-pajama-set","/products/leisure-nightwear/kids/pajama-sleep-sets/girls-pajama-set","301","auto","Drive catalogue canonical route normalization","no","no","2026-08-08"
"supabase-legacy-route","/products/leisure-nightwear/henley-long-sleeve-shirt","/products/leisure-nightwear/men/shirts-tops/henley-long-sleeve-shirt","301","auto","Drive catalogue canonical route normalization","no","no","2026-08-08"
"supabase-legacy-route","/products/leisure-nightwear/henley-short-sleeve-shirt","/products/leisure-nightwear/men/shirts-tops/henley-short-sleeve-shirt","301","auto","Drive catalogue canonical route normalization","no","no","2026-08-08"
"supabase-legacy-route","/products/leisure-nightwear/hospitality-slipper-set","/products/leisure-nightwear/hospitality/accessories/hospitality-slipper-set","301","auto","Drive catalogue canonical route normalization","no","no","2026-08-08"
"supabase-legacy-route","/products/leisure-nightwear/hotel-bathrobe","/products/leisure-nightwear/hospitality/robes/hotel-bathrobe","301","auto","Drive catalogue canonical route normalization","no","no","2026-08-08"
"supabase-legacy-route","/products/leisure-nightwear/hotel-pajama-set","/products/leisure-nightwear/hospitality/pajama-sleep-sets/hotel-pajama-set","301","auto","Drive catalogue canonical route normalization","no","no","2026-08-08"
"supabase-legacy-route","/products/leisure-nightwear/kids-basic-t-shirt","/products/leisure-nightwear/kids/t-shirts/kids-basic-t-shirt","301","auto","Drive catalogue canonical route normalization","no","no","2026-08-08"
"supabase-legacy-route","/products/leisure-nightwear/kids-casual-tracksuit","/products/leisure-nightwear/kids/matching-sets/kids-casual-tracksuit","301","auto","Drive catalogue canonical route normalization","no","no","2026-08-08"
"supabase-legacy-route","/products/leisure-nightwear/kids-flannel-pajama-set","/products/leisure-nightwear/kids/pajama-sleep-sets/kids-flannel-pajama-set","301","auto","Drive catalogue canonical route normalization","no","no","2026-08-08"
"supabase-legacy-route","/products/leisure-nightwear/kids-fleece-sleep-set","/products/leisure-nightwear/kids/pajama-sleep-sets/kids-fleece-sleep-set","301","auto","Drive catalogue canonical route normalization","no","no","2026-08-08"
"supabase-legacy-route","/products/leisure-nightwear/kids-hoodie","/products/leisure-nightwear/kids/hoodies/kids-hoodie","301","auto","Drive catalogue canonical route normalization","no","no","2026-08-08"
"supabase-legacy-route","/products/leisure-nightwear/kids-jogger","/products/leisure-nightwear/kids/pants-joggers/kids-jogger","301","auto","Drive catalogue canonical route normalization","no","no","2026-08-08"
"supabase-legacy-route","/products/leisure-nightwear/kids-lounge-set","/products/leisure-nightwear/kids/matching-sets/kids-lounge-set","301","auto","Drive catalogue canonical route normalization","no","no","2026-08-08"
"supabase-legacy-route","/products/leisure-nightwear/kids-onesie","/products/leisure-nightwear/kids/custom-apparel/kids-onesie","301","auto","Drive catalogue canonical route normalization","no","no","2026-08-08"
"supabase-legacy-route","/products/leisure-nightwear/kids-polo-shirt","/products/leisure-nightwear/kids/shirts-tops/kids-polo-shirt","301","auto","Drive catalogue canonical route normalization","no","no","2026-08-08"
"supabase-legacy-route","/products/leisure-nightwear/kids-printed-pajama-set","/products/leisure-nightwear/kids/pajama-sleep-sets/kids-printed-pajama-set","301","auto","Drive catalogue canonical route normalization","no","no","2026-08-08"
"supabase-legacy-route","/products/leisure-nightwear/kids-sleep-robe","/products/leisure-nightwear/kids/robes/kids-sleep-robe","301","auto","Drive catalogue canonical route normalization","no","no","2026-08-08"
"supabase-legacy-route","/products/leisure-nightwear/kids-sweatshirt","/products/leisure-nightwear/kids/shirts-tops/kids-sweatshirt","301","auto","Drive catalogue canonical route normalization","no","no","2026-08-08"
"supabase-legacy-route","/products/leisure-nightwear/kids-thermal-sleep-set","/products/leisure-nightwear/kids/pajama-sleep-sets/kids-thermal-sleep-set","301","auto","Drive catalogue canonical route normalization","no","no","2026-08-08"
"supabase-legacy-route","/products/leisure-nightwear/lounge-shorts","/products/leisure-nightwear/men/shorts/lounge-shorts","301","auto","Drive catalogue canonical route normalization","no","no","2026-08-08"
"supabase-legacy-route","/products/leisure-nightwear/luxury-guest-sleepwear-set","/products/leisure-nightwear/hospitality/matching-sets/luxury-guest-sleepwear-set","301","auto","Drive catalogue canonical route normalization","no","no","2026-08-08"
"supabase-legacy-route","/products/leisure-nightwear/men/nightshirts/cotton-nightshirt","/products/leisure-nightwear/men/t-shirts/mens-sleep-t-shirt","301","auto","Legacy product merged into verified 255-product master catalogue | normalized to current canonical product","no","no","2026-08-08"
"supabase-legacy-route","/products/leisure-nightwear/men/pajama-sets/sleep-shorts-set","/products/leisure-nightwear/men/matching-sets/mens-lounge-set","301","auto","Legacy product merged into verified 255-product master catalogue | normalized to current canonical product","no","no","2026-08-08"
"supabase-legacy-route","/products/leisure-nightwear/men/shirts-tops/premium-polo-shirt","/products/leisure-nightwear/men/shirts-tops/mens-premium-polo-shirt","301","auto","Distinct category-specific polo product canonical slug | retired product mapped to current buyer-safe destination","no","no","2026-08-08"
"supabase-legacy-route","/products/leisure-nightwear/mens-cotton-pajama-set","/products/leisure-nightwear/men/pajama-sleep-sets/mens-cotton-pajama-set","301","auto","Drive catalogue canonical route normalization","no","no","2026-08-08"
"supabase-legacy-route","/products/leisure-nightwear/mens-flannel-pajama-set","/products/leisure-nightwear/men/pajama-sleep-sets/mens-flannel-pajama-set","301","auto","Drive catalogue canonical route normalization","no","no","2026-08-08"
"supabase-legacy-route","/products/leisure-nightwear/mens-lounge-set","/products/leisure-nightwear/men/matching-sets/mens-lounge-set","301","auto","Drive catalogue canonical route normalization","no","no","2026-08-08"
"supabase-legacy-route","/products/leisure-nightwear/mens-night-suit","/products/leisure-nightwear/men/pajama-sleep-sets/mens-night-suit","301","auto","Drive catalogue canonical route normalization","no","no","2026-08-08"
"supabase-legacy-route","/products/leisure-nightwear/mens-satin-pajama-set","/products/leisure-nightwear/men/pajama-sleep-sets/mens-satin-pajama-set","301","auto","Drive catalogue canonical route normalization","no","no","2026-08-08"
"supabase-legacy-route","/products/leisure-nightwear/mens-silk-pajama-set","/products/leisure-nightwear/men/pajama-sleep-sets/mens-silk-pajama-set","301","auto","Drive catalogue canonical route normalization","no","no","2026-08-08"
"supabase-legacy-route","/products/leisure-nightwear/mens-sleep-pants","/products/leisure-nightwear/men/pants-joggers/mens-sleep-pants","301","auto","Drive catalogue canonical route normalization","no","no","2026-08-08"
"supabase-legacy-route","/products/leisure-nightwear/mens-sleep-robe","/products/leisure-nightwear/men/robes/mens-sleep-robe","301","auto","Drive catalogue canonical route normalization","no","no","2026-08-08"
"supabase-legacy-route","/products/leisure-nightwear/mens-sleep-t-shirt","/products/leisure-nightwear/men/t-shirts/mens-sleep-t-shirt","301","auto","Drive catalogue canonical route normalization","no","no","2026-08-08"
"supabase-legacy-route","/products/leisure-nightwear/mens-thermal-sleep-set","/products/leisure-nightwear/men/pajama-sleep-sets/mens-thermal-sleep-set","301","auto","Drive catalogue canonical route normalization","no","no","2026-08-08"
"supabase-legacy-route","/products/leisure-nightwear/premium-polo-shirt","/products/leisure-nightwear/men/shirts-tops/mens-premium-polo-shirt","301","auto","Drive catalogue canonical route normalization | retired product mapped to current buyer-safe destination","no","no","2026-08-08"
"supabase-legacy-route","/products/leisure-nightwear/resort-lounge-set","/products/leisure-nightwear/hospitality/matching-sets/resort-lounge-set","301","auto","Drive catalogue canonical route normalization","no","no","2026-08-08"
"supabase-legacy-route","/products/leisure-nightwear/spa-robe","/products/leisure-nightwear/hospitality/robes/spa-robe","301","auto","Drive catalogue canonical route normalization","no","no","2026-08-08"
"supabase-legacy-route","/products/leisure-nightwear/unisex-casual-tracksuit","/products/leisure-nightwear/unisex/matching-sets/unisex-casual-tracksuit","301","auto","Drive catalogue canonical route normalization","no","no","2026-08-08"
"supabase-legacy-route","/products/leisure-nightwear/unisex-crewneck-t-shirt","/products/leisure-nightwear/unisex/t-shirts/unisex-crewneck-t-shirt","301","auto","Drive catalogue canonical route normalization","no","no","2026-08-08"
"supabase-legacy-route","/products/leisure-nightwear/unisex-fleece-jacket","/products/leisure-nightwear/unisex/jackets-outerwear/unisex-fleece-jacket","301","auto","Drive catalogue canonical route normalization","no","no","2026-08-08"
"supabase-legacy-route","/products/leisure-nightwear/unisex-lightweight-hoodie","/products/leisure-nightwear/unisex/hoodies/unisex-lightweight-hoodie","301","auto","Drive catalogue canonical route normalization","no","no","2026-08-08"
"supabase-legacy-route","/products/leisure-nightwear/unisex-lounge-set","/products/leisure-nightwear/unisex/matching-sets/unisex-lounge-set","301","auto","Drive catalogue canonical route normalization","no","no","2026-08-08"
"supabase-legacy-route","/products/leisure-nightwear/unisex-oversized-t-shirt","/products/leisure-nightwear/unisex/t-shirts/unisex-oversized-t-shirt","301","auto","Drive catalogue canonical route normalization","no","no","2026-08-08"
"supabase-legacy-route","/products/leisure-nightwear/unisex-pullover-sweatshirt","/products/leisure-nightwear/unisex/shirts-tops/unisex-pullover-sweatshirt","301","auto","Drive catalogue canonical route normalization","no","no","2026-08-08"
"supabase-legacy-route","/products/leisure-nightwear/unisex-zip-sweatshirt","/products/leisure-nightwear/unisex/shirts-tops/unisex-zip-sweatshirt","301","auto","Drive catalogue canonical route normalization","no","no","2026-08-08"
"supabase-legacy-route","/products/leisure-nightwear/unisex/casual-shorts/lounge-shorts","/products/leisure-nightwear/men/shorts/lounge-shorts","301","auto","Legacy product merged into verified 255-product master catalogue | normalized from legacy product slug","no","no","2026-08-08"
"supabase-legacy-route","/products/leisure-nightwear/unisex/casual-shorts/premium-chino-shorts","/products/leisure-nightwear/men/shorts/cotton-chino-shorts","301","auto","Legacy product merged into verified 255-product master catalogue | normalized to current canonical product","no","no","2026-08-08"
"supabase-legacy-route","/products/leisure-nightwear/unisex/t-shirts-tops/premium-basic-crewneck-tee","/products/leisure-nightwear/men/t-shirts/essential-crewneck-t-shirt","301","auto","Legacy product merged into verified 255-product master catalogue | normalized to current canonical product","no","no","2026-08-08"
"supabase-legacy-route","/products/leisure-nightwear/waffle-robe","/products/leisure-nightwear/hospitality/robes/waffle-robe","301","auto","Drive catalogue canonical route normalization","no","no","2026-08-08"
"supabase-legacy-route","/products/leisure-nightwear/womens-button-down-sleep-set","/products/leisure-nightwear/women/pajama-sleep-sets/womens-button-down-sleep-set","301","auto","Drive catalogue canonical route normalization","no","no","2026-08-08"
"supabase-legacy-route","/products/leisure-nightwear/womens-camisole-short-set","/products/leisure-nightwear/women/matching-sets/womens-camisole-short-set","301","auto","Drive catalogue canonical route normalization","no","no","2026-08-08"
"supabase-legacy-route","/products/leisure-nightwear/womens-casual-blouse","/products/leisure-nightwear/women/blouses/womens-casual-blouse","301","auto","Drive catalogue canonical route normalization","no","no","2026-08-08"
"supabase-legacy-route","/products/leisure-nightwear/womens-casual-jogger","/products/leisure-nightwear/women/pants-joggers/womens-casual-jogger","301","auto","Drive catalogue canonical route normalization","no","no","2026-08-08"
"supabase-legacy-route","/products/leisure-nightwear/womens-casual-zip-jacket","/products/leisure-nightwear/women/jackets-outerwear/womens-casual-zip-jacket","301","auto","Drive catalogue canonical route normalization","no","no","2026-08-08"
"supabase-legacy-route","/products/leisure-nightwear/womens-cotton-pajama-set","/products/leisure-nightwear/women/pajama-sleep-sets/womens-cotton-pajama-set","301","auto","Drive catalogue canonical route normalization","no","no","2026-08-08"
"supabase-legacy-route","/products/leisure-nightwear/womens-flannel-pajama-set","/products/leisure-nightwear/women/pajama-sleep-sets/womens-flannel-pajama-set","301","auto","Drive catalogue canonical route normalization","no","no","2026-08-08"
"supabase-legacy-route","/products/leisure-nightwear/womens-lace-trim-night-dress","/products/leisure-nightwear/women/nightgowns-sleep-shirts/womens-lace-trim-night-dress","301","auto","Drive catalogue canonical route normalization","no","no","2026-08-08"
"supabase-legacy-route","/products/leisure-nightwear/womens-lightwear-cardigan","/products/leisure-nightwear/women/custom-apparel/womens-lightwear-cardigan","301","auto","Drive catalogue canonical route normalization","no","no","2026-08-08"
"supabase-legacy-route","/products/leisure-nightwear/womens-long-lounge-set","/products/leisure-nightwear/women/matching-sets/womens-long-lounge-set","301","auto","Drive catalogue canonical route normalization","no","no","2026-08-08"
"supabase-legacy-route","/products/leisure-nightwear/womens-long-sleeve-top","/products/leisure-nightwear/women/custom-apparel/womens-long-sleeve-top","301","auto","Drive catalogue canonical route normalization","no","no","2026-08-08"
"supabase-legacy-route","/products/leisure-nightwear/womens-lounge-pants","/products/leisure-nightwear/women/pants-joggers/womens-lounge-pants","301","auto","Drive catalogue canonical route normalization","no","no","2026-08-08"
"supabase-legacy-route","/products/leisure-nightwear/womens-lounge-shorts","/products/leisure-nightwear/women/shorts/womens-lounge-shorts","301","auto","Drive catalogue canonical route normalization","no","no","2026-08-08"
"supabase-legacy-route","/products/leisure-nightwear/womens-modal-pajama-set","/products/leisure-nightwear/women/pajama-sleep-sets/womens-modal-pajama-set","301","auto","Drive catalogue canonical route normalization","no","no","2026-08-08"
"supabase-legacy-route","/products/leisure-nightwear/womens-nightgown","/products/leisure-nightwear/women/nightgowns-sleep-shirts/womens-nightgown","301","auto","Drive catalogue canonical route normalization","no","no","2026-08-08"
"supabase-legacy-route","/products/leisure-nightwear/womens-oversized-sleep-t-shirt","/products/leisure-nightwear/women/t-shirts/womens-oversized-sleep-t-shirt","301","auto","Drive catalogue canonical route normalization","no","no","2026-08-08"
"supabase-legacy-route","/products/leisure-nightwear/womens-plush-robe","/products/leisure-nightwear/women/robes/womens-plush-robe","301","auto","Drive catalogue canonical route normalization","no","no","2026-08-08"
"supabase-legacy-route","/products/leisure-nightwear/womens-polo-shirt","/products/leisure-nightwear/women/shirts-tops/womens-polo-shirt","301","auto","Drive catalogue canonical route normalization","no","no","2026-08-08"
"supabase-legacy-route","/products/leisure-nightwear/womens-relaxed-set","/products/leisure-nightwear/women/matching-sets/womens-relaxed-set","301","auto","Drive catalogue canonical route normalization","no","no","2026-08-08"
"supabase-legacy-route","/products/leisure-nightwear/womens-relaxed-t-shirt","/products/leisure-nightwear/women/t-shirts/womens-relaxed-t-shirt","301","auto","Drive catalogue canonical route normalization","no","no","2026-08-08"
"supabase-legacy-route","/products/leisure-nightwear/womens-satin-pajama-set","/products/leisure-nightwear/women/pajama-sleep-sets/womens-satin-pajama-set","301","auto","Drive catalogue canonical route normalization","no","no","2026-08-08"
"supabase-legacy-route","/products/leisure-nightwear/womens-satin-robe","/products/leisure-nightwear/women/robes/womens-satin-robe","301","auto","Drive catalogue canonical route normalization","no","no","2026-08-08"
"supabase-legacy-route","/products/leisure-nightwear/womens-silk-pajama-set","/products/leisure-nightwear/women/pajama-sleep-sets/womens-silk-pajama-set","301","auto","Drive catalogue canonical route normalization","no","no","2026-08-08"
"supabase-legacy-route","/products/leisure-nightwear/womens-sleep-shirt","/products/leisure-nightwear/women/nightgowns-sleep-shirts/womens-sleep-shirt","301","auto","Drive catalogue canonical route normalization","no","no","2026-08-08"
"supabase-legacy-route","/products/leisure-nightwear/womens-thermal-sleep-set","/products/leisure-nightwear/women/pajama-sleep-sets/womens-thermal-sleep-set","301","auto","Drive catalogue canonical route normalization","no","no","2026-08-08"
"supabase-legacy-route","/products/leisurewear-bottoms/lounge-shorts","/products/leisure-nightwear/men/shorts/lounge-shorts","301","auto","Legacy product merged into verified 255-product master catalogue | normalized from legacy product slug","no","no","2026-08-08"
"supabase-legacy-route","/products/leisurewear-bottoms/premium-chino-shorts","/products/leisure-nightwear/men/shorts/cotton-chino-shorts","301","auto","Legacy product merged into verified 255-product master catalogue | normalized to current canonical product","no","no","2026-08-08"
"supabase-legacy-route","/products/leisurewear-tops/premium-basic-crewneck-tee","/products/leisure-nightwear/men/t-shirts/essential-crewneck-t-shirt","301","auto","Legacy product merged into verified 255-product master catalogue | normalized to current canonical product","no","no","2026-08-08"
"supabase-legacy-route","/products/long-sleeve-streetwear-tee","/products/streetwear-activewear/unisex/tops/long-sleeve-t-shirt","301","auto","Legacy product merged into verified 255-product master catalogue | normalized to current canonical product","no","no","2026-08-08"
"supabase-legacy-route","/products/lounge-shorts","/products/leisure-nightwear/men/shorts/lounge-shorts","301","auto","Legacy product merged into verified 255-product master catalogue | normalized from legacy product slug","no","no","2026-08-08"
"supabase-legacy-route","/products/performance-gym-hoodie","/products/sportswear/training/training-wear","301","auto","Legacy product merged into verified 255-product master catalogue | retired product mapped to current buyer-safe destination","no","no","2026-08-08"
"supabase-legacy-route","/products/premium-basic-crewneck-tee","/products/leisure-nightwear/men/t-shirts/essential-crewneck-t-shirt","301","auto","Legacy product merged into verified 255-product master catalogue | normalized to current canonical product","no","no","2026-08-08"
"supabase-legacy-route","/products/premium-chino-shorts","/products/leisure-nightwear/men/shorts/cotton-chino-shorts","301","auto","Legacy product merged into verified 255-product master catalogue | normalized to current canonical product","no","no","2026-08-08"
"supabase-legacy-route","/products/premium-leather-apparel/accessories/leather-bags/premium-leather-bag","/products/premium-leather-apparel/accessories/bags","301","auto","Legacy product merged into verified 255-product master catalogue | retired product mapped to current buyer-safe destination","no","no","2026-08-08"
"supabase-legacy-route","/products/premium-leather-apparel/accessories/leather-bags/premium-leather-bag-reference-style-02","/products/premium-leather-apparel/accessories/bags","301","auto","Legacy product merged into verified 255-product master catalogue | retired product mapped to current buyer-safe destination","no","no","2026-08-08"
"supabase-legacy-route","/products/premium-leather-apparel/accessories/leather-bags/premium-leather-bag-reference-style-03","/products/premium-leather-apparel/accessories/bags","301","auto","Legacy product merged into verified 255-product master catalogue | retired product mapped to current buyer-safe destination","no","no","2026-08-08"
"supabase-legacy-route","/products/premium-leather-apparel/accessories/leather-belts/full-grain-leather-belt","/products/premium-leather-apparel/accessories/accessories/leather-belt","301","auto","Legacy product merged into verified 255-product master catalogue | normalized to current canonical product","no","no","2026-08-08"
"supabase-legacy-route","/products/premium-leather-apparel/accessories/leather-gloves/leather-gloves-reference-style-02","/products/premium-leather-apparel/accessories/accessories/leather-gloves","301","auto","Legacy product merged into verified 255-product master catalogue | normalized to current canonical product","no","no","2026-08-08"
"supabase-legacy-route","/products/premium-leather-apparel/accessories/leather-gloves/leather-gloves-reference-style-03","/products/premium-leather-apparel/accessories/accessories/leather-gloves","301","auto","Legacy product merged into verified 255-product master catalogue | normalized to current canonical product","no","no","2026-08-08"
"supabase-legacy-route","/products/premium-leather-apparel/cafe-racer-leather-jacket","/products/premium-leather-apparel/men/jackets-outerwear/cafe-racer-leather-jacket","301","auto","Drive catalogue canonical route normalization","no","no","2026-08-08"
"supabase-legacy-route","/products/premium-leather-apparel/classic-leather-biker-jacket","/products/premium-leather-apparel/men/jackets-outerwear/classic-leather-biker-jacket","301","auto","Drive catalogue canonical route normalization","no","no","2026-08-08"
"supabase-legacy-route","/products/premium-leather-apparel/classic-leather-coat","/products/premium-leather-apparel/men/jackets-outerwear/classic-leather-coat","301","auto","Drive catalogue canonical route normalization","no","no","2026-08-08"
"supabase-legacy-route","/products/premium-leather-apparel/leather-aviator-jacket","/products/premium-leather-apparel/men/jackets-outerwear/leather-aviator-jacket","301","auto","Drive catalogue canonical route normalization","no","no","2026-08-08"
"supabase-legacy-route","/products/premium-leather-apparel/leather-backpack","/products/premium-leather-apparel/accessories/bags/leather-backpack","301","auto","Drive catalogue canonical route normalization","no","no","2026-08-08"
"supabase-legacy-route","/products/premium-leather-apparel/leather-belt","/products/premium-leather-apparel/accessories/accessories/leather-belt","301","auto","Drive catalogue canonical route normalization","no","no","2026-08-08"
"supabase-legacy-route","/products/premium-leather-apparel/leather-blazer","/products/premium-leather-apparel/men/custom-apparel/leather-blazer","301","auto","Drive catalogue canonical route normalization","no","no","2026-08-08"
"supabase-legacy-route","/products/premium-leather-apparel/leather-bomber-jacket","/products/premium-leather-apparel/men/jackets-outerwear/leather-bomber-jacket","301","auto","Drive catalogue canonical route normalization","no","no","2026-08-08"
"supabase-legacy-route","/products/premium-leather-apparel/leather-cargo-pants","/products/premium-leather-apparel/men/pants-joggers/leather-cargo-pants","301","auto","Drive catalogue canonical route normalization","no","no","2026-08-08"
"supabase-legacy-route","/products/premium-leather-apparel/leather-dress","/products/premium-leather-apparel/women/dresses-skirts/leather-dress","301","auto","Drive catalogue canonical route normalization","no","no","2026-08-08"
"supabase-legacy-route","/products/premium-leather-apparel/leather-duffle-bag","/products/premium-leather-apparel/accessories/bags/leather-duffle-bag","301","auto","Drive catalogue canonical route normalization","no","no","2026-08-08"
"supabase-legacy-route","/products/premium-leather-apparel/leather-field-jacket","/products/premium-leather-apparel/men/jackets-outerwear/leather-field-jacket","301","auto","Drive catalogue canonical route normalization","no","no","2026-08-08"
"supabase-legacy-route","/products/premium-leather-apparel/leather-gloves","/products/premium-leather-apparel/accessories/accessories/leather-gloves","301","auto","Drive catalogue canonical route normalization","no","no","2026-08-08"
"supabase-legacy-route","/products/premium-leather-apparel/leather-hoodie","/products/premium-leather-apparel/men/hoodies/leather-hoodie","301","auto","Drive catalogue canonical route normalization","no","no","2026-08-08"
"supabase-legacy-route","/products/premium-leather-apparel/leather-messenger-bag","/products/premium-leather-apparel/accessories/bags/leather-messenger-bag","301","auto","Drive catalogue canonical route normalization","no","no","2026-08-08"
"supabase-legacy-route","/products/premium-leather-apparel/leather-motorcycle-gloves","/products/premium-leather-apparel/accessories/accessories/leather-motorcycle-gloves","301","auto","Drive catalogue canonical route normalization","no","no","2026-08-08"
"supabase-legacy-route","/products/premium-leather-apparel/leather-motorcycle-jacket","/products/premium-leather-apparel/men/jackets-outerwear/leather-motorcycle-jacket","301","auto","Drive catalogue canonical route normalization","no","no","2026-08-08"
"supabase-legacy-route","/products/premium-leather-apparel/leather-pants","/products/premium-leather-apparel/men/pants-joggers/leather-pants","301","auto","Drive catalogue canonical route normalization","no","no","2026-08-08"
"supabase-legacy-route","/products/premium-leather-apparel/leather-puffer-jacket","/products/premium-leather-apparel/men/jackets-outerwear/leather-puffer-jacket","301","auto","Drive catalogue canonical route normalization","no","no","2026-08-08"
"supabase-legacy-route","/products/premium-leather-apparel/leather-shirt","/products/premium-leather-apparel/men/shirts-tops/leather-shirt","301","auto","Drive catalogue canonical route normalization","no","no","2026-08-08"
"supabase-legacy-route","/products/premium-leather-apparel/leather-shorts","/products/premium-leather-apparel/men/shorts/leather-shorts","301","auto","Drive catalogue canonical route normalization","no","no","2026-08-08"
"supabase-legacy-route","/products/premium-leather-apparel/leather-skirt","/products/premium-leather-apparel/women/dresses-skirts/leather-skirt","301","auto","Drive catalogue canonical route normalization","no","no","2026-08-08"
"supabase-legacy-route","/products/premium-leather-apparel/leather-tote-bag","/products/premium-leather-apparel/accessories/bags/leather-tote-bag","301","auto","Drive catalogue canonical route normalization","no","no","2026-08-08"
"supabase-legacy-route","/products/premium-leather-apparel/leather-trench-coat","/products/premium-leather-apparel/men/jackets-outerwear/leather-trench-coat","301","auto","Drive catalogue canonical route normalization","no","no","2026-08-08"
"supabase-legacy-route","/products/premium-leather-apparel/leather-vest","/products/premium-leather-apparel/men/vests-waistcoats/leather-vest","301","auto","Drive catalogue canonical route normalization","no","no","2026-08-08"
"supabase-legacy-route","/products/premium-leather-apparel/leather-waist-bag","/products/premium-leather-apparel/accessories/bags/leather-waist-bag","301","auto","Drive catalogue canonical route normalization","no","no","2026-08-08"
"supabase-legacy-route","/products/premium-leather-apparel/leather-waistcoat","/products/premium-leather-apparel/men/vests-waistcoats/leather-waistcoat","301","auto","Drive catalogue canonical route normalization","no","no","2026-08-08"
"supabase-legacy-route","/products/premium-leather-apparel/leather-wallet","/products/premium-leather-apparel/accessories/custom-apparel/leather-wallet","301","auto","Drive catalogue canonical route normalization","no","no","2026-08-08"
"supabase-legacy-route","/products/premium-leather-apparel/leather-work-apron","/products/premium-leather-apparel/accessories/aprons/leather-work-apron","301","auto","Drive catalogue canonical route normalization","no","no","2026-08-08"
"supabase-legacy-route","/products/premium-leather-apparel/men/leather-trousers/leather-trousers-reference-style-02","/products/premium-leather-apparel/men/pants-joggers/leather-pants","301","auto","Legacy product merged into verified 255-product master catalogue | normalized to current canonical product","no","no","2026-08-08"
"supabase-legacy-route","/products/premium-leather-apparel/men/leather-trousers/leather-trousers-reference-style-03","/products/premium-leather-apparel/men/pants-joggers/leather-pants","301","auto","Legacy product merged into verified 255-product master catalogue | normalized to current canonical product","no","no","2026-08-08"
"supabase-legacy-route","/products/premium-leather-apparel/men/leather-vests/leather-vest-waistcoat","/products/premium-leather-apparel/men/vests-waistcoats/leather-waistcoat","301","auto","Legacy product merged into verified 255-product master catalogue | normalized to current canonical product","no","no","2026-08-08"
"supabase-legacy-route","/products/premium-leather-apparel/suede-leather-jacket","/products/premium-leather-apparel/men/jackets-outerwear/suede-leather-jacket","301","auto","Drive catalogue canonical route normalization","no","no","2026-08-08"
"supabase-legacy-route","/products/premium-leather-apparel/womens-leather-biker-jacket","/products/premium-leather-apparel/women/jackets-outerwear/womens-leather-biker-jacket","301","auto","Drive catalogue canonical route normalization","no","no","2026-08-08"
"supabase-legacy-route","/products/premium-leather-apparel/womens-leather-blazer","/products/premium-leather-apparel/women/custom-apparel/womens-leather-blazer","301","auto","Drive catalogue canonical route normalization","no","no","2026-08-08"
"supabase-legacy-route","/products/premium-leather-apparel/womens-leather-bomber-jacket","/products/premium-leather-apparel/women/jackets-outerwear/womens-leather-bomber-jacket","301","auto","Drive catalogue canonical route normalization","no","no","2026-08-08"
"supabase-legacy-route","/products/premium-leather-apparel/womens-leather-cargo-pants","/products/premium-leather-apparel/women/pants-joggers/womens-leather-cargo-pants","301","auto","Drive catalogue canonical route normalization","no","no","2026-08-08"
"supabase-legacy-route","/products/premium-leather-apparel/womens-leather-pants","/products/premium-leather-apparel/women/pants-joggers/womens-leather-pants","301","auto","Drive catalogue canonical route normalization","no","no","2026-08-08"
"supabase-legacy-route","/products/premium-leather-apparel/womens-leather-puffer-jacket","/products/premium-leather-apparel/women/jackets-outerwear/womens-leather-puffer-jacket","301","auto","Drive catalogue canonical route normalization","no","no","2026-08-08"
"supabase-legacy-route","/products/premium-leather-apparel/womens-leather-shirt","/products/premium-leather-apparel/women/shirts-tops/womens-leather-shirt","301","auto","Drive catalogue canonical route normalization","no","no","2026-08-08"
"supabase-legacy-route","/products/premium-leather-apparel/womens-leather-trench-coat","/products/premium-leather-apparel/women/jackets-outerwear/womens-leather-trench-coat","301","auto","Drive catalogue canonical route normalization","no","no","2026-08-08"
"supabase-legacy-route","/products/premium-leather-apparel/womens-leather-vest","/products/premium-leather-apparel/women/vests-waistcoats/womens-leather-vest","301","auto","Drive catalogue canonical route normalization","no","no","2026-08-08"
"supabase-legacy-route","/products/premium-leather-apparel/womens-suede-jacket","/products/premium-leather-apparel/women/jackets-outerwear/womens-suede-jacket","301","auto","Drive catalogue canonical route normalization","no","no","2026-08-08"
"supabase-legacy-route","/products/premium-leather-bag","/products/premium-leather-apparel/accessories/bags","301","auto","Legacy product merged into verified 255-product master catalogue | retired product mapped to current buyer-safe destination","no","no","2026-08-08"
"supabase-legacy-route","/products/premium-leather-bag-reference-style-02","/products/premium-leather-apparel/accessories/bags","301","auto","Legacy product merged into verified 255-product master catalogue | retired product mapped to current buyer-safe destination","no","no","2026-08-08"
"supabase-legacy-route","/products/premium-leather-bag-reference-style-03","/products/premium-leather-apparel/accessories/bags","301","auto","Legacy product merged into verified 255-product master catalogue | retired product mapped to current buyer-safe destination","no","no","2026-08-08"
"supabase-legacy-route","/products/quarter-zip-pullover","/products/sportswear/training/training-wear/quarter-zip-training-top","301","auto","Legacy product merged into verified 255-product master catalogue | normalized to current canonical product","no","no","2026-08-08"
"supabase-legacy-route","/products/rugby-jersey","/products/sportswear/team-club/team-uniforms/rugby-uniform","301","auto","Legacy product merged into verified 255-product master catalogue | normalized to current canonical product","no","no","2026-08-08"
"supabase-legacy-route","/products/sleep-shorts-set","/products/leisure-nightwear/men/matching-sets/mens-lounge-set","301","auto","Legacy product merged into verified 255-product master catalogue | normalized to current canonical product","no","no","2026-08-08"
"supabase-legacy-route","/products/sportswear-baseball","/products/sportswear/team-club/team-uniforms","INVESTIGATE","review","Retired baseball category alias now resolves to the current published Team Uniforms product-type taxonomy.","yes","no","2026-08-08"
"supabase-legacy-route","/products/sportswear-baseball/baseball-jersey","/products/sportswear/team-club/team-uniforms/baseball-uniform","301","auto","Legacy product merged into verified 255-product master catalogue | normalized to current canonical product","no","no","2026-08-08"
"supabase-legacy-route","/products/sportswear-basketball","/products/sportswear/team-club/team-uniforms","INVESTIGATE","review","Retired basketball category alias now resolves to the current published Team Uniforms product-type taxonomy.","yes","no","2026-08-08"
"supabase-legacy-route","/products/sportswear-basketball/basketball-mesh-jersey","/products/sportswear/team-club/team-uniforms/basketball-uniform","301","auto","Legacy product merged into verified 255-product master catalogue | normalized to current canonical product","no","no","2026-08-08"
"supabase-legacy-route","/products/sportswear-cricket","/products/sportswear/team-club/team-uniforms","INVESTIGATE","review","Retired cricket category alias now resolves to the current published Team Uniforms product-type taxonomy.","yes","no","2026-08-08"
"supabase-legacy-route","/products/sportswear-cricket/cricket-jersey","/products/sportswear/team-club/team-uniforms/cricket-uniform","301","auto","Legacy product merged into verified 255-product master catalogue | normalized to current canonical product","no","no","2026-08-08"
"supabase-legacy-route","/products/sportswear-gym/athletic-onesie","/products/sportswear/fitness-activewear/performance-activewear","301","auto","Legacy product merged into verified 255-product master catalogue | retired product mapped to current buyer-safe destination","no","no","2026-08-08"
"supabase-legacy-route","/products/sportswear-gym/performance-gym-hoodie","/products/sportswear/training/training-wear","301","auto","Legacy product merged into verified 255-product master catalogue | retired product mapped to current buyer-safe destination","no","no","2026-08-08"
"supabase-legacy-route","/products/sportswear-gym/quarter-zip-pullover","/products/sportswear/training/training-wear/quarter-zip-training-top","301","auto","Legacy product merged into verified 255-product master catalogue | normalized to current canonical product","no","no","2026-08-08"
"supabase-legacy-route","/products/sportswear-gym/track-pants","/products/sportswear/training/training-wear/training-pants","301","auto","Legacy product merged into verified 255-product master catalogue | normalized to current canonical product","no","no","2026-08-08"
"supabase-legacy-route","/products/sportswear-gym/training-shirt","/products/sportswear/training/training-wear/training-t-shirt","301","auto","Legacy product merged into verified 255-product master catalogue | normalized to current canonical product","no","no","2026-08-08"
"supabase-legacy-route","/products/sportswear-gym/zip-up-fleece-jacket","/products/sportswear/training/training-wear","301","auto","Legacy product merged into verified 255-product master catalogue | retired product mapped to current buyer-safe destination","no","no","2026-08-08"
"supabase-legacy-route","/products/sportswear-rugby","/products/sportswear/team-club/team-uniforms","INVESTIGATE","review","Retired rugby category alias now resolves to the current published Team Uniforms product-type taxonomy.","yes","no","2026-08-08"
"supabase-legacy-route","/products/sportswear-rugby/rugby-jersey","/products/sportswear/team-club/team-uniforms/rugby-uniform","301","auto","Legacy product merged into verified 255-product master catalogue | normalized to current canonical product","no","no","2026-08-08"
"supabase-legacy-route","/products/sportswear-soccer","/products/sportswear/team-club/team-uniforms","INVESTIGATE","review","Retired soccer category alias now resolves to the current published Team Uniforms product-type taxonomy.","yes","no","2026-08-08"
"supabase-legacy-route","/products/sportswear/american-football-uniform","/products/sportswear/team-club/team-uniforms/american-football-uniform","301","auto","Drive catalogue canonical route normalization","no","no","2026-08-08"
"supabase-legacy-route","/products/sportswear/athletic-onesie","/products/sportswear/fitness-activewear/performance-activewear","INVESTIGATE","review","No current Athletic Onesie product exists; the alias resolves to the closest current published Performance & Activewear product-type taxonomy.","yes","no","2026-08-08"
"supabase-legacy-route","/products/sportswear/baseball-jersey","/products/sportswear/team-club/team-uniforms/baseball-uniform","INVESTIGATE","review","Legacy Baseball Jersey was merged into the current published Baseball Uniform product.","yes","no","2026-08-08"
"supabase-legacy-route","/products/sportswear/baseball-uniform","/products/sportswear/team-club/team-uniforms/baseball-uniform","301","auto","Drive catalogue canonical route normalization","no","no","2026-08-08"
"supabase-legacy-route","/products/sportswear/baseball-uniform-kit","/products/sportswear/team-club/team-uniforms/baseball-uniform","INVESTIGATE","review","Legacy Baseball Uniform Kit was reconciled to the current published Baseball Uniform product.","yes","no","2026-08-08"
"supabase-legacy-route","/products/sportswear/basketball-mesh-jersey","/products/sportswear/team-club/team-uniforms/basketball-uniform","INVESTIGATE","review","Legacy Basketball Mesh Jersey was merged into the current published Basketball Uniform product.","yes","no","2026-08-08"
"supabase-legacy-route","/products/sportswear/basketball-uniform","/products/sportswear/team-club/team-uniforms/basketball-uniform","301","auto","Drive catalogue canonical route normalization","no","no","2026-08-08"
"supabase-legacy-route","/products/sportswear/basketball-uniform-kit","/products/sportswear/team-club/team-uniforms/basketball-uniform","INVESTIGATE","review","Legacy Basketball Uniform Kit was reconciled to the current published Basketball Uniform product.","yes","no","2026-08-08"
"supabase-legacy-route","/products/sportswear/boxing-robe","/products/sportswear/combat-sports/combat-sportswear/boxing-robe","301","auto","Drive catalogue canonical route normalization","no","no","2026-08-08"
"supabase-legacy-route","/products/sportswear/boxing-shorts","/products/sportswear/combat-sports/combat-sportswear/boxing-shorts","301","auto","Drive catalogue canonical route normalization","no","no","2026-08-08"
"supabase-legacy-route","/products/sportswear/boxing-training-set","/products/sportswear/combat-sports/combat-sportswear/boxing-training-set","301","auto","Drive catalogue canonical route normalization","no","no","2026-08-08"
"supabase-legacy-route","/products/sportswear/compression-set","/products/sportswear/fitness-activewear/performance-activewear/compression-set","301","auto","Drive catalogue canonical route normalization","no","no","2026-08-08"
"supabase-legacy-route","/products/sportswear/compression-shirt","/products/sportswear/fitness-activewear/performance-activewear/compression-shirt","301","auto","Drive catalogue canonical route normalization","no","no","2026-08-08"
"supabase-legacy-route","/products/sportswear/compression-tights","/products/sportswear/fitness-activewear/performance-activewear/compression-tights","301","auto","Drive catalogue canonical route normalization","no","no","2026-08-08"
"supabase-legacy-route","/products/sportswear/cricket-uniform","/products/sportswear/team-club/team-uniforms/cricket-uniform","301","auto","Drive catalogue canonical route normalization","no","no","2026-08-08"
"supabase-legacy-route","/products/sportswear/cycling-bib-shorts","/products/sportswear/fitness-activewear/performance-activewear/cycling-bib-shorts","301","auto","Drive catalogue canonical route normalization","no","no","2026-08-08"
"supabase-legacy-route","/products/sportswear/cycling-jersey","/products/sportswear/fitness-activewear/performance-activewear/cycling-jersey","301","auto","Drive catalogue canonical route normalization","no","no","2026-08-08"
"supabase-legacy-route","/products/sportswear/esports-jersey","/products/sportswear/team-club/team-uniforms/esports-jersey","301","auto","Drive catalogue canonical route normalization","no","no","2026-08-08"
"supabase-legacy-route","/products/sportswear/field-hockey-uniform","/products/sportswear/team-club/team-uniforms/field-hockey-uniform","301","auto","Drive catalogue canonical route normalization","no","no","2026-08-08"
"supabase-legacy-route","/products/sportswear/futsal-uniform","/products/sportswear/team-club/team-uniforms/futsal-uniform","301","auto","Drive catalogue canonical route normalization","no","no","2026-08-08"
"supabase-legacy-route","/products/sportswear/gym-tank-top","/products/sportswear/fitness-activewear/performance-activewear/gym-tank-top","301","auto","Drive catalogue canonical route normalization","no","no","2026-08-08"
"supabase-legacy-route","/products/sportswear/handball-uniform","/products/sportswear/team-club/team-uniforms/handball-uniform","301","auto","Drive catalogue canonical route normalization","no","no","2026-08-08"
"supabase-legacy-route","/products/sportswear/ice-hockey-jersey","/products/sportswear/team-club/team-uniforms/ice-hockey-jersey","301","auto","Drive catalogue canonical route normalization","no","no","2026-08-08"
"supabase-legacy-route","/products/sportswear/mma-fight-shorts","/products/sportswear/combat-sports/combat-sportswear/mma-fight-shorts","301","auto","Drive catalogue canonical route normalization","no","no","2026-08-08"
"supabase-legacy-route","/products/sportswear/mma-rash-guard","/products/sportswear/combat-sports/combat-sportswear/mma-rash-guard","301","auto","Drive catalogue canonical route normalization","no","no","2026-08-08"
"supabase-legacy-route","/products/sportswear/mma-training-set","/products/sportswear/combat-sports/combat-sportswear/mma-training-set","301","auto","Drive catalogue canonical route normalization","no","no","2026-08-08"
"supabase-legacy-route","/products/sportswear/netball-uniform","/products/sportswear/team-club/team-uniforms/netball-uniform","301","auto","Drive catalogue canonical route normalization","no","no","2026-08-08"
"supabase-legacy-route","/products/sportswear/quarter-zip-training-top","/products/sportswear/training/training-wear/quarter-zip-training-top","301","auto","Drive catalogue canonical route normalization","no","no","2026-08-08"
"supabase-legacy-route","/products/sportswear/rugby-uniform","/products/sportswear/team-club/team-uniforms/rugby-uniform","301","auto","Drive catalogue canonical route normalization","no","no","2026-08-08"
"supabase-legacy-route","/products/sportswear/running-jacket","/products/sportswear/fitness-activewear/performance-activewear/running-jacket","301","auto","Drive catalogue canonical route normalization","no","no","2026-08-08"
"supabase-legacy-route","/products/sportswear/running-shorts","/products/sportswear/fitness-activewear/performance-activewear/running-shorts","301","auto","Drive catalogue canonical route normalization","no","no","2026-08-08"
"supabase-legacy-route","/products/sportswear/running-singlet","/products/sportswear/fitness-activewear/performance-activewear/running-singlet","301","auto","Drive catalogue canonical route normalization","no","no","2026-08-08"
"supabase-legacy-route","/products/sportswear/soccer-away-kit","/products/sportswear/team-club/team-uniforms/soccer-away-kit","301","auto","Drive catalogue canonical route normalization","no","no","2026-08-08"
"supabase-legacy-route","/products/sportswear/soccer-goalkeeper-kit","/products/sportswear/team-club/team-uniforms/soccer-goalkeeper-kit","301","auto","Drive catalogue canonical route normalization","no","no","2026-08-08"
"supabase-legacy-route","/products/sportswear/soccer-home-kit","/products/sportswear/team-club/team-uniforms/soccer-home-kit","301","auto","Drive catalogue canonical route normalization","no","no","2026-08-08"
"supabase-legacy-route","/products/sportswear/sports-warm-up-suit","/products/sportswear/training/training-wear/sports-warm-up-suit","301","auto","Drive catalogue canonical route normalization","no","no","2026-08-08"
"supabase-legacy-route","/products/sportswear/sports-windbreaker","/products/sportswear/training/training-wear/sports-windbreaker","301","auto","Drive catalogue canonical route normalization","no","no","2026-08-08"
"supabase-legacy-route","/products/sportswear/team-bench-jacket","/products/sportswear/training/training-wear/team-bench-jacket","301","auto","Drive catalogue canonical route normalization","no","no","2026-08-08"
"supabase-legacy-route","/products/sportswear/team-club/baseball-uniforms/baseball-jersey","/products/sportswear/team-club/team-uniforms/baseball-uniform","301","auto","Legacy product merged into verified 255-product master catalogue | normalized to current canonical product","no","no","2026-08-08"
"supabase-legacy-route","/products/sportswear/team-club/basketball-uniforms/basketball-mesh-jersey","/products/sportswear/team-club/team-uniforms/basketball-uniform","301","auto","Legacy product merged into verified 255-product master catalogue | normalized to current canonical product","no","no","2026-08-08"
"supabase-legacy-route","/products/sportswear/team-club/cricket-uniforms/cricket-jersey","/products/sportswear/team-club/team-uniforms/cricket-uniform","301","auto","Legacy product merged into verified 255-product master catalogue | normalized to current canonical product","no","no","2026-08-08"
"supabase-legacy-route","/products/sportswear/team-club/rugby-kits/rugby-jersey","/products/sportswear/team-club/team-uniforms/rugby-uniform","301","auto","Legacy product merged into verified 255-product master catalogue | normalized to current canonical product","no","no","2026-08-08"
"supabase-legacy-route","/products/sportswear/team-tracksuit","/products/sportswear/training/training-wear/team-tracksuit","301","auto","Drive catalogue canonical route normalization","no","no","2026-08-08"
"supabase-legacy-route","/products/sportswear/training-bib","/products/sportswear/training/training-wear/training-bib","301","auto","Drive catalogue canonical route normalization","no","no","2026-08-08"
"supabase-legacy-route","/products/sportswear/training-pants","/products/sportswear/training/training-wear/training-pants","301","auto","Drive catalogue canonical route normalization","no","no","2026-08-08"
"supabase-legacy-route","/products/sportswear/training-polo","/products/sportswear/training/training-wear/training-polo","301","auto","Drive catalogue canonical route normalization","no","no","2026-08-08"
"supabase-legacy-route","/products/sportswear/training-shorts","/products/sportswear/training/training-wear/training-shorts","301","auto","Drive catalogue canonical route normalization","no","no","2026-08-08"
"supabase-legacy-route","/products/sportswear/training-t-shirt","/products/sportswear/training/training-wear/training-t-shirt","301","auto","Drive catalogue canonical route normalization","no","no","2026-08-08"
"supabase-legacy-route","/products/sportswear/unisex/athletic-bodysuits/athletic-onesie","/products/sportswear/fitness-activewear/performance-activewear","301","auto","Legacy product merged into verified 255-product master catalogue | retired product mapped to current buyer-safe destination","no","no","2026-08-08"
"supabase-legacy-route","/products/sportswear/unisex/performance-tops/training-shirt","/products/sportswear/training/training-wear/training-t-shirt","301","auto","Legacy product merged into verified 255-product master catalogue | normalized to current canonical product","no","no","2026-08-08"
"supabase-legacy-route","/products/sportswear/unisex/tracksuits-track-pants/track-pants","/products/sportswear/training/training-wear/training-pants","301","auto","Legacy product merged into verified 255-product master catalogue | normalized to current canonical product","no","no","2026-08-08"
"supabase-legacy-route","/products/sportswear/unisex/training-outerwear/performance-gym-hoodie","/products/sportswear/training/training-wear","301","auto","Legacy product merged into verified 255-product master catalogue | retired product mapped to current buyer-safe destination","no","no","2026-08-08"
"supabase-legacy-route","/products/sportswear/unisex/training-outerwear/quarter-zip-pullover","/products/sportswear/training/training-wear/quarter-zip-training-top","301","auto","Legacy product merged into verified 255-product master catalogue | normalized to current canonical product","no","no","2026-08-08"
"supabase-legacy-route","/products/sportswear/unisex/training-outerwear/zip-up-fleece-jacket","/products/sportswear/training/training-wear","301","auto","Legacy product merged into verified 255-product master catalogue | retired product mapped to current buyer-safe destination","no","no","2026-08-08"
"supabase-legacy-route","/products/sportswear/volleyball-uniform","/products/sportswear/team-club/team-uniforms/volleyball-uniform","301","auto","Drive catalogue canonical route normalization","no","no","2026-08-08"
"supabase-legacy-route","/products/sportswear/womens-gym-leggings","/products/sportswear/fitness-activewear/performance-activewear/womens-gym-leggings","301","auto","Drive catalogue canonical route normalization","no","no","2026-08-08"
"supabase-legacy-route","/products/sportswear/womens-sports-bra","/products/sportswear/fitness-activewear/performance-activewear/womens-sports-bra","301","auto","Drive catalogue canonical route normalization","no","no","2026-08-08"
"supabase-legacy-route","/products/sportswear/womens-yoga-set","/products/sportswear/fitness-activewear/performance-activewear/womens-yoga-set","301","auto","Drive catalogue canonical route normalization","no","no","2026-08-08"
"supabase-legacy-route","/products/sportswear/wrestling-singlet","/products/sportswear/combat-sports/combat-sportswear/wrestling-singlet","301","auto","Drive catalogue canonical route normalization","no","no","2026-08-08"
"supabase-legacy-route","/products/streetwear-activewear/cargo-pants","/products/streetwear-activewear/unisex/bottoms/cargo-pants","301","auto","Drive catalogue canonical route normalization","no","no","2026-08-08"
"supabase-legacy-route","/products/streetwear-activewear/cargo-shorts","/products/streetwear-activewear/unisex/bottoms/cargo-shorts","301","auto","Drive catalogue canonical route normalization","no","no","2026-08-08"
"supabase-legacy-route","/products/streetwear-activewear/cargo-tracksuit","/products/streetwear-activewear/unisex/matching-sets/cargo-tracksuit","301","auto","Drive catalogue canonical route normalization","no","no","2026-08-08"
"supabase-legacy-route","/products/streetwear-activewear/coach-jacket","/products/streetwear-activewear/unisex/outerwear/coach-jacket","301","auto","Drive catalogue canonical route normalization","no","no","2026-08-08"
"supabase-legacy-route","/products/streetwear-activewear/crewneck-sweatshirt","/products/streetwear-activewear/unisex/tops/crewneck-sweatshirt","301","auto","Drive catalogue canonical route normalization","no","no","2026-08-08"
"supabase-legacy-route","/products/streetwear-activewear/cropped-hoodie","/products/streetwear-activewear/unisex/tops/cropped-hoodie","301","auto","Drive catalogue canonical route normalization","no","no","2026-08-08"
"supabase-legacy-route","/products/streetwear-activewear/graphic-t-shirt","/products/streetwear-activewear/unisex/tops/graphic-t-shirt","301","auto","Drive catalogue canonical route normalization","no","no","2026-08-08"
"supabase-legacy-route","/products/streetwear-activewear/heavyweight-sweatshirt","/products/streetwear-activewear/unisex/tops/heavyweight-sweatshirt","301","auto","Drive catalogue canonical route normalization","no","no","2026-08-08"
"supabase-legacy-route","/products/streetwear-activewear/heavyweight-t-shirt","/products/streetwear-activewear/unisex/tops/heavyweight-t-shirt","301","auto","Drive catalogue canonical route normalization","no","no","2026-08-08"
"supabase-legacy-route","/products/streetwear-activewear/jogger-pants","/products/streetwear-activewear/unisex/bottoms/jogger-pants","301","auto","Drive catalogue canonical route normalization","no","no","2026-08-08"
"supabase-legacy-route","/products/streetwear-activewear/long-sleeve-t-shirt","/products/streetwear-activewear/unisex/tops/long-sleeve-t-shirt","301","auto","Drive catalogue canonical route normalization","no","no","2026-08-08"
"supabase-legacy-route","/products/streetwear-activewear/overshirt","/products/streetwear-activewear/unisex/tops/overshirt","301","auto","Drive catalogue canonical route normalization","no","no","2026-08-08"
"supabase-legacy-route","/products/streetwear-activewear/oversized-hoodie-jogger-set","/products/streetwear-activewear/unisex/matching-sets/oversized-hoodie-jogger-set","301","auto","Drive catalogue canonical route normalization","no","no","2026-08-08"
"supabase-legacy-route","/products/streetwear-activewear/oversized-pullover-hoodie","/products/streetwear-activewear/unisex/tops/oversized-pullover-hoodie","301","auto","Drive catalogue canonical route normalization","no","no","2026-08-08"
"supabase-legacy-route","/products/streetwear-activewear/oversized-t-shirt","/products/streetwear-activewear/unisex/tops/oversized-t-shirt","301","auto","Drive catalogue canonical route normalization","no","no","2026-08-08"
"supabase-legacy-route","/products/streetwear-activewear/parachute-pants","/products/streetwear-activewear/unisex/bottoms/parachute-pants","301","auto","Drive catalogue canonical route normalization","no","no","2026-08-08"
"supabase-legacy-route","/products/streetwear-activewear/premium-polo-shirt","/products/streetwear-activewear/unisex/tops/streetwear-premium-polo-shirt","301","auto","Drive catalogue canonical route normalization | retired product mapped to current buyer-safe destination","no","no","2026-08-08"
"supabase-legacy-route","/products/streetwear-activewear/premium-zip-hoodie","/products/streetwear-activewear/unisex/tops/premium-zip-hoodie","301","auto","Drive catalogue canonical route normalization","no","no","2026-08-08"
"supabase-legacy-route","/products/streetwear-activewear/puffer-jacket","/products/streetwear-activewear/unisex/outerwear/puffer-jacket","301","auto","Drive catalogue canonical route normalization","no","no","2026-08-08"
"supabase-legacy-route","/products/streetwear-activewear/sherpa-jacket","/products/streetwear-activewear/unisex/outerwear/sherpa-jacket","301","auto","Drive catalogue canonical route normalization","no","no","2026-08-08"
"supabase-legacy-route","/products/streetwear-activewear/streetwear-bomber-jacket","/products/streetwear-activewear/unisex/outerwear/streetwear-bomber-jacket","301","auto","Drive catalogue canonical route normalization","no","no","2026-08-08"
"supabase-legacy-route","/products/streetwear-activewear/streetwear-shirt","/products/streetwear-activewear/unisex/tops/streetwear-shirt","301","auto","Drive catalogue canonical route normalization","no","no","2026-08-08"
"supabase-legacy-route","/products/streetwear-activewear/streetwear-tracksuit","/products/streetwear-activewear/unisex/matching-sets/streetwear-tracksuit","301","auto","Drive catalogue canonical route normalization","no","no","2026-08-08"
"supabase-legacy-route","/products/streetwear-activewear/summer-t-shirt-shorts-set","/products/streetwear-activewear/unisex/matching-sets/summer-t-shirt-shorts-set","301","auto","Drive catalogue canonical route normalization","no","no","2026-08-08"
"supabase-legacy-route","/products/streetwear-activewear/sweat-shorts","/products/streetwear-activewear/unisex/bottoms/sweat-shorts","301","auto","Drive catalogue canonical route normalization","no","no","2026-08-08"
"supabase-legacy-route","/products/streetwear-activewear/sweatpants","/products/streetwear-activewear/unisex/bottoms/sweatpants","301","auto","Drive catalogue canonical route normalization","no","no","2026-08-08"
"supabase-legacy-route","/products/streetwear-activewear/sweatshirt-jogger-set","/products/streetwear-activewear/unisex/matching-sets/sweatshirt-jogger-set","301","auto","Drive catalogue canonical route normalization","no","no","2026-08-08"
"supabase-legacy-route","/products/streetwear-activewear/tech-fleece-tracksuit","/products/streetwear-activewear/unisex/bottoms/tech-fleece-tracksuit","301","auto","Drive catalogue canonical route normalization","no","no","2026-08-08"
"supabase-legacy-route","/products/streetwear-activewear/technical-shell-jacket","/products/streetwear-activewear/unisex/outerwear/technical-shell-jacket","301","auto","Drive catalogue canonical route normalization","no","no","2026-08-08"
"supabase-legacy-route","/products/streetwear-activewear/techwear-set","/products/streetwear-activewear/unisex/matching-sets/techwear-set","301","auto","Drive catalogue canonical route normalization","no","no","2026-08-08"
"supabase-legacy-route","/products/streetwear-activewear/track-pants","/products/streetwear-activewear/unisex/bottoms/track-pants","301","auto","Drive catalogue canonical route normalization","no","no","2026-08-08"
"supabase-legacy-route","/products/streetwear-activewear/unisex/cargo-pants/tactical-cargo-pants","/products/streetwear-activewear/unisex/bottoms/cargo-pants","301","auto","Legacy product merged into verified 255-product master catalogue | normalized to current canonical product","no","no","2026-08-08"
"supabase-legacy-route","/products/streetwear-activewear/unisex/jackets-bombers/bomber-jacket","/products/streetwear-activewear/unisex/outerwear/streetwear-bomber-jacket","301","auto","Legacy product merged into verified 255-product master catalogue | normalized to current canonical product","no","no","2026-08-08"
"supabase-legacy-route","/products/streetwear-activewear/unisex/streetwear-shorts/streetwear-shorts","/products/streetwear-activewear/unisex/bottoms","301","auto","Legacy product merged into verified 255-product master catalogue | retired product mapped to current buyer-safe destination","no","no","2026-08-08"
"supabase-legacy-route","/products/streetwear-activewear/unisex/t-shirts-tops/long-sleeve-streetwear-tee","/products/streetwear-activewear/unisex/tops/long-sleeve-t-shirt","301","auto","Legacy product merged into verified 255-product master catalogue | normalized to current canonical product","no","no","2026-08-08"
"supabase-legacy-route","/products/streetwear-activewear/unisex/tops/premium-polo-shirt","/products/streetwear-activewear/unisex/tops/streetwear-premium-polo-shirt","301","auto","Distinct category-specific polo product canonical slug | retired product mapped to current buyer-safe destination","no","no","2026-08-08"
"supabase-legacy-route","/products/streetwear-activewear/utility-jacket","/products/streetwear-activewear/unisex/outerwear/utility-jacket","301","auto","Drive catalogue canonical route normalization","no","no","2026-08-08"
"supabase-legacy-route","/products/streetwear-activewear/utility-shorts","/products/streetwear-activewear/unisex/bottoms/utility-shorts","301","auto","Drive catalogue canonical route normalization","no","no","2026-08-08"
"supabase-legacy-route","/products/streetwear-activewear/varsity-jacket","/products/streetwear-activewear/unisex/outerwear/varsity-jacket","301","auto","Drive catalogue canonical route normalization","no","no","2026-08-08"
"supabase-legacy-route","/products/streetwear-activewear/wide-leg-pants","/products/streetwear-activewear/unisex/bottoms/wide-leg-pants","301","auto","Drive catalogue canonical route normalization","no","no","2026-08-08"
"supabase-legacy-route","/products/streetwear-activewear/windbreaker-jacket","/products/streetwear-activewear/unisex/outerwear/windbreaker-jacket","301","auto","Drive catalogue canonical route normalization","no","no","2026-08-08"
"supabase-legacy-route","/products/streetwear-activewear/womens-cargo-pants","/products/streetwear-activewear/women/pants-joggers/womens-cargo-pants","301","auto","Drive catalogue canonical route normalization","no","no","2026-08-08"
"supabase-legacy-route","/products/streetwear-activewear/womens-cargo-shorts","/products/streetwear-activewear/women/shorts/womens-cargo-shorts","301","auto","Drive catalogue canonical route normalization","no","no","2026-08-08"
"supabase-legacy-route","/products/streetwear-activewear/womens-cropped-hoodie","/products/streetwear-activewear/women/hoodies/womens-cropped-hoodie","301","auto","Drive catalogue canonical route normalization","no","no","2026-08-08"
"supabase-legacy-route","/products/streetwear-activewear/womens-cropped-t-shirt","/products/streetwear-activewear/women/t-shirts/womens-cropped-t-shirt","301","auto","Drive catalogue canonical route normalization","no","no","2026-08-08"
"supabase-legacy-route","/products/streetwear-activewear/womens-oversized-hoodie","/products/streetwear-activewear/women/hoodies/womens-oversized-hoodie","301","auto","Drive catalogue canonical route normalization","no","no","2026-08-08"
"supabase-legacy-route","/products/streetwear-activewear/womens-oversized-t-shirt","/products/streetwear-activewear/women/t-shirts/womens-oversized-t-shirt","301","auto","Drive catalogue canonical route normalization","no","no","2026-08-08"
"supabase-legacy-route","/products/streetwear-activewear/womens-parachute-pants","/products/streetwear-activewear/women/pants-joggers/womens-parachute-pants","301","auto","Drive catalogue canonical route normalization","no","no","2026-08-08"
"supabase-legacy-route","/products/streetwear-activewear/womens-streetwear-tracksuit","/products/streetwear-activewear/women/matching-sets/womens-streetwear-tracksuit","301","auto","Drive catalogue canonical route normalization","no","no","2026-08-08"
"supabase-legacy-route","/products/streetwear-activewear/zip-hoodie-jogger-set","/products/streetwear-activewear/unisex/matching-sets/zip-hoodie-jogger-set","301","auto","Drive catalogue canonical route normalization","no","no","2026-08-08"
"supabase-legacy-route","/products/streetwear-bottoms/streetwear-shorts","/products/streetwear-activewear/unisex/bottoms","301","auto","Legacy product merged into verified 255-product master catalogue | retired product mapped to current buyer-safe destination","no","no","2026-08-08"
"supabase-legacy-route","/products/streetwear-bottoms/tactical-cargo-pants","/products/streetwear-activewear/unisex/bottoms/cargo-pants","301","auto","Legacy product merged into verified 255-product master catalogue | normalized to current canonical product","no","no","2026-08-08"
"supabase-legacy-route","/products/streetwear-shorts","/products/streetwear-activewear/unisex/bottoms","301","auto","Legacy product merged into verified 255-product master catalogue | retired product mapped to current buyer-safe destination","no","no","2026-08-08"
"supabase-legacy-route","/products/streetwear-tops/bomber-jacket","/products/streetwear-activewear/unisex/outerwear/streetwear-bomber-jacket","301","auto","Legacy product merged into verified 255-product master catalogue | normalized to current canonical product","no","no","2026-08-08"
"supabase-legacy-route","/products/streetwear-tops/long-sleeve-streetwear-tee","/products/streetwear-activewear/unisex/tops/long-sleeve-t-shirt","301","auto","Legacy product merged into verified 255-product master catalogue | normalized to current canonical product","no","no","2026-08-08"
"supabase-legacy-route","/products/tactical-cargo-pants","/products/streetwear-activewear/unisex/bottoms/cargo-pants","301","auto","Legacy product merged into verified 255-product master catalogue | normalized to current canonical product","no","no","2026-08-08"
"supabase-legacy-route","/products/track-pants","/products/sportswear/training/training-wear/training-pants","301","auto","Legacy product merged into verified 255-product master catalogue | normalized to current canonical product","no","no","2026-08-08"
"supabase-legacy-route","/products/traditional-dirndl-dress-reference-style-02","/products/bavarian-trachten-wear/women/dirndl-dresses/traditional-dirndl","301","auto","Legacy product merged into verified 255-product master catalogue","no","no","2026-08-08"
"supabase-legacy-route","/products/traditional-dirndl-dress-reference-style-03","/products/bavarian-trachten-wear/women/dirndl-dresses/traditional-dirndl","301","auto","Legacy product merged into verified 255-product master catalogue","no","no","2026-08-08"
"supabase-legacy-route","/products/training-shirt","/products/sportswear/training/training-wear/training-t-shirt","301","auto","Legacy product merged into verified 255-product master catalogue | normalized to current canonical product","no","no","2026-08-08"
"supabase-legacy-route","/products/zip-up-fleece-jacket","/products/sportswear/training/training-wear","301","auto","Legacy product merged into verified 255-product master catalogue | retired product mapped to current buyer-safe destination","no","no","2026-08-08"
"supabase-legacy-route","/sign-in","/auth","301","auto","auth canonical","no","no","2026-08-08"
"supabase-legacy-route","/signin","/auth","301","auto","auth canonical","no","no","2026-08-08"
"supabase-legacy-route","/sportswear-manufacturer-pakistan","/products/sportswear","301","auto","legacy SEO alias","no","no","2026-08-08"
"supabase-legacy-route","/streetwear-manufacturer-pakistan","/products/streetwear-activewear","301","auto","legacy SEO alias","no","no","2026-08-08"
"supabase-legacy-route","/switzerland","/markets/switzerland","301","auto","market landing","no","no","2026-08-08"
"supabase-legacy-route","/terms","/terms-of-service","301","auto","canonical path","no","no","2026-08-08"
"supabase-legacy-route","/terms-and-conditions","/terms-of-service","301","auto","canonical path","no","no","2026-08-08"
"supabase-legacy-route","/terms/","/terms-of-service","301","auto","trailing slash","no","no","2026-08-08"
"supabase-legacy-route","/trachten-manufacturer","/products/bavarian-trachten-wear","301","auto","legacy SEO alias","no","no","2026-08-08"
"supabase-legacy-route","/uk","/markets/united-kingdom","301","auto","market landing","no","no","2026-08-08"
"supabase-legacy-route","/united-kingdom","/markets/united-kingdom","301","auto","market landing","no","no","2026-08-08"
"supabase-legacy-route","/united-states","/markets/united-states","301","auto","market landing","no","no","2026-08-08"
"supabase-legacy-route","/usa","/markets/united-states","301","auto","market landing","no","no","2026-08-08"
"cloudflare-static-redirect","/favicon.ico","/favicon.svg","KEEP","rewrite","200 asset rewrite","no","no","2026-08-08"
"cloudflare-static-redirect","/catalogue","/products","301","static","Cloudflare static redirect","no","no","2026-08-08"
"cloudflare-static-redirect","/catalog","/products","INVESTIGATE","static","Cloudflare static redirect","yes","no","2026-08-08"
"cloudflare-static-redirect","/de/katalog","/products","301","static","Cloudflare static redirect","no","no","2026-08-08"
"cloudflare-static-redirect","/catalogue/bavarian-garments","/products/bavarian-trachten-wear","301","static","Cloudflare static redirect","no","no","2026-08-08"
"cloudflare-static-redirect","/catalogue/lederhosen","/products/bavarian-trachten-wear/men/lederhosen","301","static","Cloudflare static redirect","no","no","2026-08-08"
"cloudflare-static-redirect","/catalogue/dirndl-dresses","/products/bavarian-trachten-wear/women/dirndl-dresses","301","static","Cloudflare static redirect","no","no","2026-08-08"
"cloudflare-static-redirect","/catalogue/trachten-accessories","/products/bavarian-trachten-wear/accessories","301","static","Cloudflare static redirect","no","no","2026-08-08"
"cloudflare-static-redirect","/catalogue/kids-trachten","/products/bavarian-trachten-wear/kids","301","static","Cloudflare static redirect","no","no","2026-08-08"
"cloudflare-static-redirect","/catalogue/leather-garments","/products/premium-leather-apparel","301","static","Cloudflare static redirect","no","no","2026-08-08"
"cloudflare-static-redirect","/catalogue/sportswear","/products/sportswear","301","static","Cloudflare static redirect","no","no","2026-08-08"
"cloudflare-static-redirect","/catalogue/activewear","/products/sportswear/fitness-activewear/performance-activewear","301","static","Cloudflare static redirect","no","no","2026-08-08"
"cloudflare-static-redirect","/catalogue/streetwear","/products/streetwear-activewear","301","static","Cloudflare static redirect","no","no","2026-08-08"
"cloudflare-static-redirect","/catalogue/leisurewear","/products/leisure-nightwear","301","static","Cloudflare static redirect","no","no","2026-08-08"
"cloudflare-static-redirect","/catalogue/nightwear","/products/leisure-nightwear","301","static","Cloudflare static redirect","no","no","2026-08-08"
"cloudflare-static-redirect","/catalogue/*","/products","301","static","Cloudflare static redirect","no","no","2026-08-08"
"cloudflare-static-redirect","/buyer-trust-center","/buyer-trust","301","static","Cloudflare static redirect","no","no","2026-08-08"
"cloudflare-static-redirect","/buyer-trust-centre","/buyer-trust","301","static","Cloudflare static redirect","no","no","2026-08-08"
"cloudflare-static-redirect","/buyer-resources","/resources","301","static","Cloudflare static redirect","no","no","2026-08-08"
"cloudflare-static-redirect","/buyer-faq","/faq","301","static","Cloudflare static redirect","no","no","2026-08-08"
"cloudflare-static-redirect","/shipping-returns","/resources","301","static","Cloudflare static redirect","no","no","2026-08-08"
"cloudflare-static-redirect","/privacy","/privacy-policy","301","static","Cloudflare static redirect","no","no","2026-08-08"
"cloudflare-static-redirect","/terms","/terms-of-service","301","static","Cloudflare static redirect","no","no","2026-08-08"
"cloudflare-static-redirect","/products/bavarian-garments","/products/bavarian-trachten-wear","301","static","Cloudflare static redirect","no","no","2026-08-08"
"cloudflare-static-redirect","/products/leather-garments","/products/premium-leather-apparel","301","static","Cloudflare static redirect","no","no","2026-08-08"
"cloudflare-static-redirect","/products/streetwear","/products/streetwear-activewear","301","static","Cloudflare static redirect","no","no","2026-08-08"
"cloudflare-static-redirect","/products/activewear","/products/streetwear-activewear","301","static","Cloudflare static redirect","no","no","2026-08-08"
"cloudflare-static-redirect","/products/streetwear/oversized-hoodie","/products/streetwear-activewear/unisex/tops/oversized-pullover-hoodie","301","static","Cloudflare static redirect","no","no","2026-08-08"
"cloudflare-static-redirect","/blog/dirndl-manufacturer-moq-50","/products/bavarian-trachten-wear/women/dirndl-dresses","301","static","Cloudflare static redirect","no","no","2026-08-08"
"cloudflare-static-redirect","/blog/streetwear-oem-pakistan","/products/streetwear-activewear","301","static","Cloudflare static redirect","no","no","2026-08-08"
"cloudflare-static-redirect","/blog/leather-grades-explained","/products/premium-leather-apparel","301","static","Cloudflare static redirect","no","no","2026-08-08"
"cloudflare-static-redirect","/blog/fob-sialkot-vs-cif-pricing-explained","/resources","301","static","Cloudflare static redirect","no","no","2026-08-08"
"cloudflare-static-redirect","/germany","/markets/germany","301","static","Cloudflare static redirect","no","no","2026-08-08"
"cloudflare-static-redirect","/austria","/markets/austria","301","static","Cloudflare static redirect","no","no","2026-08-08"
"cloudflare-static-redirect","/switzerland","/markets/switzerland","301","static","Cloudflare static redirect","no","no","2026-08-08"
"cloudflare-static-redirect","/netherlands","/markets/netherlands","301","static","Cloudflare static redirect","no","no","2026-08-08"
"cloudflare-static-redirect","/usa","/markets/united-states","301","static","Cloudflare static redirect","no","no","2026-08-08"
"cloudflare-static-redirect","/united-states","/markets/united-states","301","static","Cloudflare static redirect","no","no","2026-08-08"
"cloudflare-static-redirect","/uk","/markets/united-kingdom","301","static","Cloudflare static redirect","no","no","2026-08-08"
"cloudflare-static-redirect","/united-kingdom","/markets/united-kingdom","301","static","Cloudflare static redirect","no","no","2026-08-08"
"cloudflare-static-redirect","/canada","/markets/canada","301","static","Cloudflare static redirect","no","no","2026-08-08"
"cloudflare-static-redirect","/australia","/markets/australia","301","static","Cloudflare static redirect","no","no","2026-08-08"
"cloudflare-static-redirect","/new-zealand","/markets/new-zealand","301","static","Cloudflare static redirect","no","no","2026-08-08"
"cloudflare-static-redirect","/products/bavarian-men","/products/bavarian-trachten-wear/men","301","static","Cloudflare static redirect","no","no","2026-08-08"
"cloudflare-static-redirect","/products/bavarian-women","/products/bavarian-trachten-wear/women","301","static","Cloudflare static redirect","no","no","2026-08-08"
"cloudflare-static-redirect","/products/bavarian-kids","/products/bavarian-trachten-wear/kids","301","static","Cloudflare static redirect","no","no","2026-08-08"
"cloudflare-static-redirect","/products/bavarian-accessories","/products/bavarian-trachten-wear/accessories","301","static","Cloudflare static redirect","no","no","2026-08-08"
"cloudflare-static-redirect","/products/leather-jackets","/products/premium-leather-apparel/men","301","static","Cloudflare static redirect","no","no","2026-08-08"
"cloudflare-static-redirect","/products/leather-vests","/products/premium-leather-apparel/men/leather-vests","301","static","Cloudflare static redirect","no","no","2026-08-08"
"cloudflare-static-redirect","/products/leather-bottoms","/products/premium-leather-apparel/men/leather-trousers","301","static","Cloudflare static redirect","no","no","2026-08-08"
"cloudflare-static-redirect","/products/leather-accessories","/products/premium-leather-apparel/accessories","301","static","Cloudflare static redirect","no","no","2026-08-08"
"cloudflare-static-redirect","/products/sportswear-soccer","/products/sportswear/team-club/football-kits","INVESTIGATE","static","Cloudflare static redirect","yes","no","2026-08-08"
"cloudflare-static-redirect","/products/sportswear-cricket","/products/sportswear/team-club/cricket-uniforms","INVESTIGATE","static","Cloudflare static redirect","yes","no","2026-08-08"
"cloudflare-static-redirect","/products/sportswear-baseball","/products/sportswear/team-club/baseball-uniforms","INVESTIGATE","static","Cloudflare static redirect","yes","no","2026-08-08"
"cloudflare-static-redirect","/products/sportswear-basketball","/products/sportswear/team-club/basketball-uniforms","INVESTIGATE","static","Cloudflare static redirect","yes","no","2026-08-08"
"cloudflare-static-redirect","/products/sportswear-rugby","/products/sportswear/team-club/rugby-kits","INVESTIGATE","static","Cloudflare static redirect","yes","no","2026-08-08"
"cloudflare-static-redirect","/products/sportswear-gym","/products/sportswear","301","static","Cloudflare static redirect","no","no","2026-08-08"
"cloudflare-static-redirect","/products/streetwear-tops","/products/streetwear-activewear/unisex","301","static","Cloudflare static redirect","no","no","2026-08-08"
"cloudflare-static-redirect","/products/streetwear-bottoms","/products/streetwear-activewear/unisex","301","static","Cloudflare static redirect","no","no","2026-08-08"
"cloudflare-static-redirect","/products/leisurewear-tops","/products/leisure-nightwear/unisex","301","static","Cloudflare static redirect","no","no","2026-08-08"
"cloudflare-static-redirect","/products/leisurewear-bottoms","/products/leisure-nightwear/unisex","301","static","Cloudflare static redirect","no","no","2026-08-08"
"cloudflare-static-redirect","/products/leisure-nightwear-men","/products/leisure-nightwear/men","301","static","Cloudflare static redirect","no","no","2026-08-08"
"cloudflare-static-redirect","/products/leisure-nightwear-women","/products/leisure-nightwear/women","301","static","Cloudflare static redirect","no","no","2026-08-08"
"cloudflare-static-redirect","/products/nightwear-archived","/products/leisure-nightwear","301","static","Cloudflare static redirect","no","no","2026-08-08"
"cloudflare-static-redirect","/products/nightwear","/products/leisure-nightwear","301","static","Cloudflare static redirect","no","no","2026-08-08"
"cloudflare-static-redirect","/products/bavarian-trachten-wear/alpine-trachten-hat","/products/bavarian-trachten-wear/accessories/alpine-hats/alpine-trachten-hat","INVESTIGATE","static","Cloudflare static redirect","yes","no","2026-08-08"
"cloudflare-static-redirect","/products/sportswear/athletic-onesie","/products/sportswear/unisex/athletic-bodysuits/athletic-onesie","INVESTIGATE","static","Cloudflare static redirect","yes","no","2026-08-08"
"cloudflare-static-redirect","/products/sportswear/baseball-jersey","/products/sportswear/team-club/baseball-uniforms/baseball-jersey","INVESTIGATE","static","Cloudflare static redirect","yes","no","2026-08-08"
"cloudflare-static-redirect","/products/sportswear/baseball-uniform-kit","/products/sportswear/team-club/baseball-uniforms/baseball-uniform-kit","INVESTIGATE","static","Cloudflare static redirect","yes","no","2026-08-08"
"cloudflare-static-redirect","/products/sportswear/basketball-mesh-jersey","/products/sportswear/team-club/basketball-uniforms/basketball-mesh-jersey","INVESTIGATE","static","Cloudflare static redirect","yes","no","2026-08-08"
"cloudflare-static-redirect","/products/sportswear/basketball-uniform-kit","/products/sportswear/team-club/basketball-uniforms/basketball-uniform-kit","INVESTIGATE","static","Cloudflare static redirect","yes","no","2026-08-08"
"cloudflare-static-redirect","/products/bavarian-trachten-wear/bavarian-checkered-shirt","/products/bavarian-trachten-wear/men/trachten-shirts/bavarian-checkered-shirt","INVESTIGATE","static","Cloudflare static redirect","yes","no","2026-08-08"
"cloudflare-static-redirect","/products/bavarian-trachten-wear/bavarian-embroidered-vest","/products/bavarian-trachten-wear/men/trachten-vests/bavarian-embroidered-vest","INVESTIGATE","static","Cloudflare static redirect","yes","no","2026-08-08"
